observation_date,CASSCBW027SBOG
1985-04-03,9.6686
1985-04-10,10.0407
1985-04-17,10.4617
1985-04-24,10.5029
1985-05-01,10.8400
1985-05-08,10.1371
1985-05-15,10.3554
1985-05-22,10.2519
1985-05-29,10.6403
1985-06-05,10.5068
1985-06-12,10.7448
1985-06-19,10.3168
1985-06-26,10.7853
1985-07-03,10.4891
1985-07-10,10.2534
1985-07-17,10.4703
1985-07-24,10.3718
1985-07-31,10.5589
1985-08-07,10.3090
1985-08-14,10.3439
1985-08-21,10.7578
1985-08-28,10.5000
1985-09-04,11.0099
1985-09-11,10.5771
1985-09-18,10.8389
1985-09-25,10.6204
1985-10-02,11.3667
1985-10-09,10.2523
1985-10-16,11.2867
1985-10-23,10.8201
1985-10-30,10.6847
1985-11-06,10.6350
1985-11-13,11.2307
1985-11-20,10.3953
1985-11-27,10.8415
1985-12-04,10.9309
1985-12-11,10.9976
1985-12-18,10.5715
1985-12-25,10.5725
1986-01-01,10.5515
1986-01-08,9.9030
1986-01-15,10.4640
1986-01-22,10.7637
1986-01-29,10.6076
1986-02-05,10.9659
1986-02-12,11.0740
1986-02-19,11.6489
1986-02-26,10.9347
1986-03-05,10.9014
1986-03-12,10.7918
1986-03-19,10.4945
1986-03-26,10.6470
1986-04-02,10.8999
1986-04-09,10.5235
1986-04-16,11.0987
1986-04-23,11.2612
1986-04-30,11.2993
1986-05-07,10.7504
1986-05-14,11.1687
1986-05-21,11.0385
1986-05-28,11.6748
1986-06-04,11.2329
1986-06-11,11.5666
1986-06-18,11.2614
1986-06-25,11.7313
1986-07-02,11.4632
1986-07-09,11.0634
1986-07-16,11.8302
1986-07-23,11.2659
1986-07-30,11.1345
1986-08-06,11.2133
1986-08-13,11.3406
1986-08-20,11.6191
1986-08-27,11.9114
1986-09-03,11.8432
1986-09-10,11.3072
1986-09-17,11.8930
1986-09-24,11.7166
1986-10-01,12.2149
1986-10-08,11.6001
1986-10-15,12.6243
1986-10-22,11.9727
1986-10-29,11.8425
1986-11-05,11.9845
1986-11-12,12.6612
1986-11-19,11.8239
1986-11-26,12.1736
1986-12-03,11.8751
1986-12-10,11.8908
1986-12-17,11.8148
1986-12-24,12.1226
1986-12-31,12.6459
1987-01-07,11.7574
1987-01-14,12.1058
1987-01-21,12.3221
1987-01-28,12.2638
1987-02-04,12.5720
1987-02-11,12.3628
1987-02-18,13.0218
1987-02-25,12.0101
1987-03-04,12.4046
1987-03-11,11.9980
1987-03-18,12.0795
1987-03-25,11.8132
1987-04-01,12.3492
1987-04-08,11.7480
1987-04-15,12.8424
1987-04-22,12.3724
1987-04-29,11.8979
1987-05-06,11.8996
1987-05-13,12.1903
1987-05-20,11.8928
1987-05-27,12.9796
1987-06-03,11.8564
1987-06-10,12.4962
1987-06-17,12.0396
1987-06-24,12.5154
1987-07-01,12.3788
1987-07-08,11.4804
1987-07-15,12.3154
1987-07-22,11.9381
1987-07-29,11.7242
1987-08-05,12.1784
1987-08-12,12.0934
1987-08-19,12.0787
1987-08-26,12.2478
1987-09-02,11.3452
1987-09-09,11.9563
1987-09-16,12.2831
1987-09-23,11.9082
1987-09-30,12.2811
1987-10-07,11.6422
1987-10-14,12.1413
1987-10-21,11.8393
1987-10-28,12.3405
1987-11-04,12.0861
1987-11-11,12.1558
1987-11-18,11.6371
1987-11-25,11.8941
1987-12-02,12.0458
1987-12-09,11.6452
1987-12-16,11.9424
1987-12-23,11.9902
1987-12-30,11.1151
1988-01-06,11.9457
1988-01-13,12.3342
1988-01-20,12.8198
1988-01-27,12.3518
1988-02-03,12.3434
1988-02-10,11.9418
1988-02-17,13.0345
1988-02-24,11.5650
1988-03-02,12.3848
1988-03-09,11.8030
1988-03-16,12.6005
1988-03-23,12.2062
1988-03-30,12.1372
1988-04-06,12.1922
1988-04-13,12.2981
1988-04-20,12.3673
1988-04-27,12.3769
1988-05-04,12.3579
1988-05-11,12.5169
1988-05-18,12.3392
1988-05-25,12.1601
1988-06-01,13.1130
1988-06-08,12.4720
1988-06-15,12.8743
1988-06-22,12.5623
1988-06-29,12.0847
1988-07-06,12.6975
1988-07-13,12.4816
1988-07-20,12.5759
1988-07-27,12.5263
1988-08-03,12.4213
1988-08-10,12.2228
1988-08-17,12.3795
1988-08-24,12.6524
1988-08-31,12.1481
1988-09-07,12.2902
1988-09-14,12.5599
1988-09-21,12.6442
1988-09-28,12.3284
1988-10-05,12.4866
1988-10-12,12.9191
1988-10-19,12.4382
1988-10-26,12.5925
1988-11-02,12.7901
1988-11-09,11.8141
1988-11-16,12.4295
1988-11-23,12.1928
1988-11-30,12.3672
1988-12-07,12.1400
1988-12-14,12.2913
1988-12-21,11.8196
1988-12-28,12.0779
1989-01-04,12.7389
1989-01-11,12.5995
1989-01-18,12.7881
1989-01-25,12.0885
1989-02-01,12.8603
1989-02-08,11.6929
1989-02-15,11.8843
1989-02-22,11.8930
1989-03-01,12.5006
1989-03-08,11.4886
1989-03-15,12.6637
1989-03-22,12.0218
1989-03-29,11.8846
1989-04-05,11.6143
1989-04-12,11.8391
1989-04-19,11.6958
1989-04-26,11.8281
1989-05-03,11.8363
1989-05-10,11.5369
1989-05-17,11.6358
1989-05-24,11.6548
1989-05-31,12.3867
1989-06-07,11.5143
1989-06-14,11.8584
1989-06-21,11.5281
1989-06-28,11.6061
1989-07-05,11.7477
1989-07-12,11.8787
1989-07-19,11.4550
1989-07-26,11.5122
1989-08-02,11.7305
1989-08-09,11.4629
1989-08-16,11.6070
1989-08-23,11.9628
1989-08-30,11.3466
1989-09-06,11.7384
1989-09-13,11.5187
1989-09-20,11.9825
1989-09-27,11.8125
1989-10-04,12.0328
1989-10-11,12.2100
1989-10-18,11.7497
1989-10-25,11.8984
1989-11-01,12.5076
1989-11-08,11.4648
1989-11-15,11.8449
1989-11-22,11.8109
1989-11-29,11.5426
1989-12-06,11.7540
1989-12-13,11.8949
1989-12-20,11.7690
1989-12-27,12.0809
1990-01-03,12.3259
1990-01-10,12.1470
1990-01-17,12.9776
1990-01-24,11.6929
1990-01-31,12.2925
1990-02-07,11.3658
1990-02-14,11.5079
1990-02-21,11.8088
1990-02-28,12.2718
1990-03-07,11.5596
1990-03-14,12.2704
1990-03-21,11.7922
1990-03-28,11.9528
1990-04-04,12.2100
1990-04-11,12.0792
1990-04-18,12.0775
1990-04-25,11.9232
1990-05-02,12.0532
1990-05-09,11.5819
1990-05-16,11.9328
1990-05-23,12.1871
1990-05-30,12.5115
1990-06-06,12.1647
1990-06-13,12.5551
1990-06-20,12.2778
1990-06-27,12.6183
1990-07-04,12.7084
1990-07-11,12.2694
1990-07-18,12.1532
1990-07-25,12.1601
1990-08-01,12.5853
1990-08-08,12.0498
1990-08-15,12.4111
1990-08-22,12.2411
1990-08-29,11.7613
1990-09-05,12.4875
1990-09-12,11.7238
1990-09-19,12.2984
1990-09-26,12.0044
1990-10-03,13.0894
1990-10-10,13.2485
1990-10-17,12.2353
1990-10-24,12.5453
1990-10-31,13.1369
1990-11-07,12.1597
1990-11-14,13.4152
1990-11-21,12.6915
1990-11-28,12.2194
1990-12-05,12.6800
1990-12-12,12.9514
1990-12-19,12.4785
1990-12-26,12.6432
1991-01-02,12.6494
1991-01-09,12.1186
1991-01-16,11.9859
1991-01-23,13.0941
1991-01-30,12.2177
1991-02-06,12.2291
1991-02-13,12.1784
1991-02-20,12.7758
1991-02-27,12.3321
1991-03-06,12.5908
1991-03-13,12.7152
1991-03-20,12.9558
1991-03-27,12.8929
1991-04-03,12.8102
1991-04-10,12.6507
1991-04-17,13.0196
1991-04-24,12.7836
1991-05-01,13.6829
1991-05-08,12.4332
1991-05-15,13.2888
1991-05-22,12.6695
1991-05-29,13.0154
1991-06-05,12.9337
1991-06-12,13.8661
1991-06-19,13.1309
1991-06-26,14.0089
1991-07-03,13.1215
1991-07-10,13.1204
1991-07-17,13.3229
1991-07-24,13.4667
1991-07-31,13.8609
1991-08-07,13.5274
1991-08-14,13.6147
1991-08-21,13.7113
1991-08-28,13.4046
1991-09-04,14.1546
1991-09-11,12.7108
1991-09-18,13.9322
1991-09-25,13.2121
1991-10-02,13.8514
1991-10-09,12.4839
1991-10-16,14.4256
1991-10-23,13.4311
1991-10-30,13.3288
1991-11-06,13.0410
1991-11-13,14.3675
1991-11-20,12.6479
1991-11-27,13.8633
1991-12-04,13.5114
1991-12-11,13.7726
1991-12-18,13.2082
1991-12-25,13.8758
1992-01-01,13.2344
1992-01-08,12.9272
1992-01-15,13.1806
1992-01-22,13.5219
1992-01-29,12.9727
1992-02-05,13.0725
1992-02-12,13.5245
1992-02-19,14.1463
1992-02-26,13.2083
1992-03-04,13.8381
1992-03-11,13.7795
1992-03-18,14.0929
1992-03-25,13.9059
1992-04-01,14.9545
1992-04-08,13.5160
1992-04-15,14.9121
1992-04-22,14.0147
1992-04-29,13.8401
1992-05-06,13.6238
1992-05-13,13.7508
1992-05-20,13.6017
1992-05-27,14.3584
1992-06-03,13.2227
1992-06-10,14.0987
1992-06-17,13.4547
1992-06-24,14.2216
1992-07-01,14.3513
1992-07-08,13.0487
1992-07-15,14.1436
1992-07-22,13.8053
1992-07-29,13.4074
1992-08-05,14.0785
1992-08-12,13.8815
1992-08-19,13.9018
1992-08-26,13.9763
1992-09-02,13.4804
1992-09-09,13.8816
1992-09-16,14.2861
1992-09-23,13.6587
1992-09-30,14.1849
1992-10-07,13.1389
1992-10-14,14.7002
1992-10-21,13.9364
1992-10-28,13.8830
1992-11-04,14.0499
1992-11-11,14.7134
1992-11-18,13.4939
1992-11-25,14.3095
1992-12-02,14.3962
1992-12-09,14.1521
1992-12-16,14.4186
1992-12-23,15.2325
1992-12-30,13.9980
1993-01-06,14.0064
1993-01-13,13.7050
1993-01-20,14.4258
1993-01-27,13.7910
1993-02-03,14.0165
1993-02-10,13.9582
1993-02-17,15.0009
1993-02-24,13.3702
1993-03-03,14.4523
1993-03-10,13.7819
1993-03-17,13.9112
1993-03-24,14.2038
1993-03-31,14.5163
1993-04-07,14.1606
1993-04-14,14.9472
1993-04-21,14.2390
1993-04-28,14.5708
1993-05-05,14.4152
1993-05-12,14.6659
1993-05-19,14.2341
1993-05-26,14.6203
1993-06-02,15.0104
1993-06-09,14.7039
1993-06-16,14.5747
1993-06-23,14.9818
1993-06-30,14.5155
1993-07-07,15.2713
1993-07-14,14.7614
1993-07-21,14.8059
1993-07-28,14.5583
1993-08-04,14.7452
1993-08-11,14.9308
1993-08-18,14.7054
1993-08-25,14.9478
1993-09-01,15.1317
1993-09-08,14.6533
1993-09-15,15.7053
1993-09-22,14.7970
1993-09-29,15.1225
1993-10-06,14.7603
1993-10-13,15.3417
1993-10-20,14.9077
1993-10-27,15.3701
1993-11-03,14.8084
1993-11-10,14.3579
1993-11-17,14.3510
1993-11-24,15.2090
1993-12-01,15.4743
1993-12-08,14.8979
1993-12-15,15.9548
1993-12-22,15.5772
1993-12-29,14.3262
1994-01-05,14.4401
1994-01-12,15.1834
1994-01-19,15.5256
1994-01-26,15.4516
1994-02-02,15.7280
1994-02-09,15.7001
1994-02-16,15.1674
1994-02-23,16.0576
1994-03-02,16.1376
1994-03-09,15.0465
1994-03-16,15.7673
1994-03-23,15.7125
1994-03-30,15.5288
1994-04-06,15.6324
1994-04-13,15.5308
1994-04-20,15.3379
1994-04-27,15.0731
1994-05-04,15.2078
1994-05-11,15.3135
1994-05-18,14.8097
1994-05-25,14.9132
1994-06-01,16.1657
1994-06-08,14.9616
1994-06-15,15.7813
1994-06-22,15.1973
1994-06-29,14.4844
1994-07-06,15.3967
1994-07-13,14.9910
1994-07-20,14.5102
1994-07-27,14.8310
1994-08-03,14.5545
1994-08-10,14.6857
1994-08-17,14.0524
1994-08-24,14.7184
1994-08-31,14.7390
1994-09-07,14.7155
1994-09-14,14.6706
1994-09-21,14.5083
1994-09-28,14.2676
1994-10-05,14.7650
1994-10-12,15.0611
1994-10-19,14.4233
1994-10-26,14.6831
1994-11-02,14.5926
1994-11-09,13.4654
1994-11-16,14.4427
1994-11-23,14.5972
1994-11-30,14.2843
1994-12-07,14.3337
1994-12-14,14.6346
1994-12-21,14.8501
1994-12-28,14.9125
1995-01-04,16.0893
1995-01-11,15.2432
1995-01-18,15.7321
1995-01-25,14.5286
1995-02-01,15.7198
1995-02-08,14.7003
1995-02-15,15.1686
1995-02-22,15.5100
1995-03-01,16.1137
1995-03-08,14.5161
1995-03-15,15.5082
1995-03-22,14.6995
1995-03-29,14.6832
1995-04-05,14.9237
1995-04-12,15.4644
1995-04-19,15.3853
1995-04-26,15.6846
1995-05-03,15.0112
1995-05-10,15.2057
1995-05-17,14.9314
1995-05-24,15.0931
1995-05-31,15.8230
1995-06-07,15.1540
1995-06-14,15.1729
1995-06-21,15.4756
1995-06-28,14.6804
1995-07-05,15.8435
1995-07-12,15.4466
1995-07-19,15.3085
1995-07-26,15.4333
1995-08-02,15.5472
1995-08-09,15.1405
1995-08-16,15.3350
1995-08-23,15.5590
1995-08-30,14.6784
1995-09-06,15.8907
1995-09-13,15.4305
1995-09-20,15.6844
1995-09-27,14.9809
1995-10-04,15.6164
1995-10-11,16.6109
1995-10-18,15.0829
1995-10-25,15.7306
1995-11-01,16.3247
1995-11-08,14.7517
1995-11-15,15.3330
1995-11-22,15.5087
1995-11-29,14.5998
1995-12-06,15.7726
1995-12-13,15.8440
1995-12-20,16.2059
1995-12-27,16.5535
1996-01-03,17.3810
1996-01-10,16.7491
1996-01-17,18.0036
1996-01-24,15.3659
1996-01-31,16.7339
1996-02-07,16.0182
1996-02-14,15.8812
1996-02-21,16.9316
1996-02-28,16.1488
1996-03-06,15.8059
1996-03-13,16.4137
1996-03-20,16.2260
1996-03-27,16.2234
1996-04-03,16.3022
1996-04-10,16.5531
1996-04-17,16.5928
1996-04-24,17.2033
1996-05-01,16.8512
1996-05-08,17.1358
1996-05-15,17.3870
1996-05-22,17.0518
1996-05-29,16.9545
1996-06-05,16.8566
1996-06-12,16.7446
1996-06-19,16.9716
1996-06-26,16.3857
1996-07-03,16.2990
1996-07-10,16.2721
1996-07-17,16.7506
1996-07-24,16.5186
1996-07-31,17.1271
1996-08-07,16.3828
1996-08-14,16.7689
1996-08-21,16.4864
1996-08-28,16.6994
1996-09-04,17.9967
1996-09-11,16.7957
1996-09-18,17.5305
1996-09-25,17.1974
1996-10-02,18.1771
1996-10-09,16.5988
1996-10-16,18.6471
1996-10-23,17.8176
1996-10-30,17.2026
1996-11-06,17.0462
1996-11-13,18.5873
1996-11-20,17.2608
1996-11-27,18.1255
1996-12-04,17.5287
1996-12-11,18.0334
1996-12-18,18.1874
1996-12-25,18.6131
1997-01-01,18.8705
1997-01-08,18.0925
1997-01-15,18.0860
1997-01-22,19.2330
1997-01-29,18.3588
1997-02-05,18.1224
1997-02-12,18.4474
1997-02-19,18.9429
1997-02-26,18.3507
1997-03-05,18.7823
1997-03-12,19.3083
1997-03-19,18.7530
1997-03-26,19.1798
1997-04-02,18.8940
1997-04-09,19.3705
1997-04-16,19.4538
1997-04-23,19.6944
1997-04-30,19.9751
1997-05-07,19.5342
1997-05-14,19.3660
1997-05-21,19.6380
1997-05-28,20.1648
1997-06-04,19.3243
1997-06-11,19.9149
1997-06-18,19.8683
1997-06-25,20.1073
1997-07-02,20.1488
1997-07-09,19.9423
1997-07-16,20.8096
1997-07-23,20.7430
1997-07-30,20.6514
1997-08-06,21.0573
1997-08-13,21.5175
1997-08-20,21.4022
1997-08-27,22.3323
1997-09-03,23.1082
1997-09-10,20.8405
1997-09-17,21.8024
1997-09-24,21.5526
1997-10-01,22.6891
1997-10-08,20.4772
1997-10-15,22.3353
1997-10-22,21.4576
1997-10-29,20.9775
1997-11-05,21.9828
1997-11-12,23.8317
1997-11-19,21.4145
1997-11-26,22.9110
1997-12-03,22.3612
1997-12-10,22.2023
1997-12-17,22.0741
1997-12-24,22.6189
1997-12-31,22.6224
1998-01-07,22.0171
1998-01-14,21.6944
1998-01-21,23.3514
1998-01-28,22.7747
1998-02-04,22.4942
1998-02-11,23.1121
1998-02-18,23.7706
1998-02-25,22.5967
1998-03-04,23.2988
1998-03-11,23.3745
1998-03-18,23.2354
1998-03-25,22.9214
1998-04-01,23.6550
1998-04-08,22.5336
1998-04-15,23.7863
1998-04-22,23.9412
1998-04-29,23.6193
1998-05-06,23.8040
1998-05-13,23.6990
1998-05-20,24.5678
1998-05-27,25.3014
1998-06-03,23.0705
1998-06-10,23.7396
1998-06-17,23.5296
1998-06-24,23.3461
1998-07-01,24.0034
1998-07-08,22.0668
1998-07-15,24.0969
1998-07-22,23.2136
1998-07-29,23.0327
1998-08-05,23.1848
1998-08-12,23.7351
1998-08-19,23.2611
1998-08-26,24.0308
1998-09-02,23.0273
1998-09-09,24.4514
1998-09-16,23.8102
1998-09-23,22.9560
1998-09-30,23.6402
1998-10-07,22.4521
1998-10-14,23.0590
1998-10-21,22.8110
1998-10-28,22.8227
1998-11-04,23.2130
1998-11-11,24.4967
1998-11-18,23.8407
1998-11-25,24.5660
1998-12-02,24.1090
1998-12-09,24.1865
1998-12-16,24.1392
1998-12-23,24.8043
1998-12-30,23.6425
1999-01-06,24.9609
1999-01-13,25.0246
1999-01-20,26.4095
1999-01-27,25.4634
1999-02-03,25.0295
1999-02-10,24.7993
1999-02-17,25.6838
1999-02-24,24.0193
1999-03-03,25.1919
1999-03-10,25.1218
1999-03-17,25.1268
1999-03-24,25.4365
1999-03-31,25.7207
1999-04-07,24.6044
1999-04-14,25.0359
1999-04-21,25.4631
1999-04-28,25.2118
1999-05-05,25.3309
1999-05-12,25.8670
1999-05-19,25.9596
1999-05-26,25.1950
1999-06-02,26.8091
1999-06-09,25.2032
1999-06-16,24.9431
1999-06-23,25.4687
1999-06-30,25.4504
1999-07-07,25.3526
1999-07-14,24.9836
1999-07-21,24.3050
1999-07-28,24.3294
1999-08-04,23.9470
1999-08-11,24.2887
1999-08-18,23.5687
1999-08-25,24.7553
1999-09-01,24.3294
1999-09-08,25.5165
1999-09-15,24.8831
1999-09-22,25.2378
1999-09-29,24.4871
1999-10-06,24.0581
1999-10-13,24.9710
1999-10-20,24.9017
1999-10-27,24.7548
1999-11-03,24.6938
1999-11-10,23.6103
1999-11-17,24.0906
1999-11-24,25.3595
1999-12-01,25.0285
1999-12-08,24.7993
1999-12-15,25.1356
1999-12-22,25.9252
1999-12-29,24.9332
2000-01-05,24.4202
2000-01-12,25.3581
2000-01-19,25.6415
2000-01-26,25.0720
2000-02-02,24.4825
2000-02-09,24.8573
2000-02-16,24.0506
2000-02-23,25.4258
2000-03-01,25.8523
2000-03-08,24.6340
2000-03-15,25.9162
2000-03-22,25.4196
2000-03-29,24.9638
2000-04-05,25.7122
2000-04-12,25.7322
2000-04-19,27.2173
2000-04-26,27.2422
2000-05-03,27.0819
2000-05-10,26.7593
2000-05-17,27.0302
2000-05-24,26.4295
2000-05-31,28.4194
2000-06-07,26.5175
2000-06-14,25.8739
2000-06-21,26.3253
2000-06-28,25.4515
2000-07-05,26.4137
2000-07-12,25.9037
2000-07-19,25.5696
2000-07-26,26.2119
2000-08-02,26.4002
2000-08-09,26.0691
2000-08-16,26.1182
2000-08-23,26.5761
2000-08-30,24.8849
2000-09-06,26.7781
2000-09-13,25.4067
2000-09-20,25.7489
2000-09-27,24.7792
2000-10-04,25.6874
2000-10-11,26.2626
2000-10-18,25.7052
2000-10-25,26.2267
2000-11-01,27.1032
2000-11-08,25.4740
2000-11-15,26.9813
2000-11-22,27.2996
2000-11-29,26.2787
2000-12-06,26.7665
2000-12-13,27.3364
2000-12-20,27.4508
2000-12-27,28.6391
2001-01-03,28.3832
2001-01-10,29.1009
2001-01-17,29.4447
2001-01-24,28.0899
2001-01-31,28.2179
2001-02-07,26.6600
2001-02-14,26.6085
2001-02-21,27.6889
2001-02-28,27.5724
2001-03-07,26.9443
2001-03-14,26.7126
2001-03-21,27.3851
2001-03-28,26.5281
2001-04-04,26.6292
2001-04-11,26.7573
2001-04-18,27.2490
2001-04-25,27.1676
2001-05-02,27.9068
2001-05-09,26.8354
2001-05-16,27.2570
2001-05-23,26.9765
2001-05-30,28.0276
2001-06-06,26.7661
2001-06-13,27.8424
2001-06-20,27.0845
2001-06-27,26.7406
2001-07-04,28.0997
2001-07-11,27.4931
2001-07-18,27.1268
2001-07-25,28.1338
2001-08-01,28.3054
2001-08-08,27.4503
2001-08-15,28.4939
2001-08-22,27.9567
2001-08-29,27.6400
2001-09-05,29.5640
2001-09-12,30.2372
2001-09-19,29.4382
2001-09-26,28.0398
2001-10-03,29.5079
2001-10-10,31.3034
2001-10-17,29.3987
2001-10-24,29.7987
2001-10-31,31.6407
2001-11-07,29.4977
2001-11-14,32.0361
2001-11-21,31.0029
2001-11-28,29.6603
2001-12-05,30.7599
2001-12-12,31.1933
2001-12-19,30.8205
2001-12-26,31.0298
2002-01-02,31.5549
2002-01-09,31.1782
2002-01-16,30.0989
2002-01-23,32.6402
2002-01-30,31.1503
2002-02-06,30.9197
2002-02-13,30.7193
2002-02-20,31.7267
2002-02-27,30.6562
2002-03-06,31.3343
2002-03-13,30.7535
2002-03-20,31.2377
2002-03-27,31.4604
2002-04-03,31.6651
2002-04-10,31.6303
2002-04-17,31.9794
2002-04-24,31.5685
2002-05-01,32.7654
2002-05-08,31.6789
2002-05-15,31.8839
2002-05-22,31.7532
2002-05-29,33.5346
2002-06-05,32.0834
2002-06-12,33.4461
2002-06-19,32.6729
2002-06-26,33.3203
2002-07-03,32.0968
2002-07-10,32.5193
2002-07-17,33.1855
2002-07-24,34.0951
2002-07-31,34.0465
2002-08-07,34.2085
2002-08-14,34.9172
2002-08-21,35.1864
2002-08-28,35.6970
2002-09-04,37.5201
2002-09-11,34.6242
2002-09-18,35.8097
2002-09-25,35.4081
2002-10-02,37.3546
2002-10-09,34.5749
2002-10-16,37.3380
2002-10-23,36.7969
2002-10-30,36.5580
2002-11-06,36.2871
2002-11-13,37.5727
2002-11-20,35.5767
2002-11-27,37.6142
2002-12-04,36.2689
2002-12-11,37.3418
2002-12-18,36.9287
2002-12-25,37.7401
2003-01-01,37.7124
2003-01-08,36.7146
2003-01-15,36.8420
2003-01-22,38.4009
2003-01-29,36.8773
2003-02-05,37.6718
2003-02-12,38.1843
2003-02-19,38.6707
2003-02-26,37.5661
2003-03-05,38.8165
2003-03-12,38.7343
2003-03-19,38.9445
2003-03-26,38.8829
2003-04-02,39.8360
2003-04-09,38.8136
2003-04-16,39.5549
2003-04-23,38.4784
2003-04-30,40.2973
2003-05-07,38.2314
2003-05-14,38.6696
2003-05-21,38.9432
2003-05-28,39.4963
2003-06-04,37.9838
2003-06-11,39.7331
2003-06-18,38.0692
2003-06-25,40.1097
2003-07-02,38.6864
2003-07-09,38.3599
2003-07-16,38.6121
2003-07-23,39.1516
2003-07-30,39.0722
2003-08-06,39.6207
2003-08-13,39.9008
2003-08-20,39.1358
2003-08-27,39.4188
2003-09-03,40.4629
2003-09-10,36.9989
2003-09-17,38.4027
2003-09-24,37.1580
2003-10-01,39.2660
2003-10-08,37.2051
2003-10-15,40.0377
2003-10-22,38.4379
2003-10-29,37.3987
2003-11-05,37.2188
2003-11-12,39.7143
2003-11-19,36.0570
2003-11-26,38.3580
2003-12-03,37.1990
2003-12-10,38.8534
2003-12-17,38.7001
2003-12-24,39.4673
2003-12-31,38.9120
2004-01-07,39.1155
2004-01-14,38.4738
2004-01-21,39.2348
2004-01-28,38.8726
2004-02-04,38.8685
2004-02-11,39.0864
2004-02-18,39.3416
2004-02-25,38.1054
2004-03-03,39.9348
2004-03-10,39.2781
2004-03-17,40.0534
2004-03-24,40.3195
2004-03-31,40.6456
2004-04-07,40.8751
2004-04-14,41.5390
2004-04-21,42.1055
2004-04-28,40.9833
2004-05-05,41.3648
2004-05-12,41.4800
2004-05-19,41.1748
2004-05-26,40.2295
2004-06-02,41.7728
2004-06-09,41.7168
2004-06-16,41.2090
2004-06-23,40.7256
2004-06-30,41.0042
2004-07-07,41.7169
2004-07-14,40.3428
2004-07-21,39.9189
2004-07-28,39.6998
2004-08-04,41.8197
2004-08-11,40.3318
2004-08-18,39.9942
2004-08-25,40.7017
2004-09-01,40.8454
2004-09-08,41.4827
2004-09-15,40.9412
2004-09-22,40.0929
2004-09-29,40.5126
2004-10-06,40.1106
2004-10-13,40.7074
2004-10-20,39.9967
2004-10-27,40.2834
2004-11-03,39.9927
2004-11-10,39.0361
2004-11-17,38.6896
2004-11-24,40.3425
2004-12-01,41.1172
2004-12-08,40.4727
2004-12-15,38.3335
2004-12-22,38.7753
2004-12-29,36.6985
2005-01-05,37.3650
2005-01-12,38.2065
2005-01-19,39.8538
2005-01-26,38.1646
2005-02-02,39.2566
2005-02-09,37.0503
2005-02-16,36.3439
2005-02-23,40.3848
2005-03-02,39.4602
2005-03-09,39.0696
2005-03-16,40.4464
2005-03-23,40.2584
2005-03-30,40.5494
2005-04-06,40.7398
2005-04-13,41.6003
2005-04-20,41.3140
2005-04-27,41.7677
2005-05-04,41.0409
2005-05-11,41.5881
2005-05-18,40.7732
2005-05-25,41.3126
2005-06-01,43.2432
2005-06-08,41.7193
2005-06-15,42.3268
2005-06-22,42.4565
2005-06-29,41.4297
2005-07-06,43.5043
2005-07-13,42.8293
2005-07-20,43.0438
2005-07-27,43.0093
2005-08-03,43.2363
2005-08-10,42.9577
2005-08-17,43.2099
2005-08-24,43.8190
2005-08-31,43.9693
2005-09-07,45.0157
2005-09-14,44.4274
2005-09-21,44.4390
2005-09-28,43.7239
2005-10-05,43.0655
2005-10-12,44.3919
2005-10-19,42.2411
2005-10-26,42.3883
2005-11-02,43.0169
2005-11-09,42.3138
2005-11-16,42.7013
2005-11-23,43.8422
2005-11-30,43.9105
2005-12-07,45.6799
2005-12-14,44.9857
2005-12-21,47.4071
2005-12-28,46.1334
2006-01-04,47.7700
2006-01-11,46.2000
2006-01-18,46.7632
2006-01-25,46.6018
2006-02-01,47.6138
2006-02-08,46.0151
2006-02-15,45.9330
2006-02-22,46.8895
2006-03-01,47.0699
2006-03-08,45.5471
2006-03-15,46.3234
2006-03-22,44.9987
2006-03-29,45.1310
2006-04-05,45.8208
2006-04-12,47.0632
2006-04-19,46.8173
2006-04-26,46.9905
2006-05-03,47.3295
2006-05-10,45.7889
2006-05-17,45.0246
2006-05-24,44.4143
2006-05-31,46.2606
2006-06-07,44.8381
2006-06-14,45.3981
2006-06-21,45.2040
2006-06-28,44.3535
2006-07-05,45.9456
2006-07-12,45.0950
2006-07-19,45.3294
2006-07-26,45.9324
2006-08-02,45.3898
2006-08-09,44.2558
2006-08-16,43.5354
2006-08-23,44.3475
2006-08-30,43.7832
2006-09-06,44.4788
2006-09-13,43.2961
2006-09-20,44.0453
2006-09-27,42.6874
2006-10-04,42.8165
2006-10-11,43.8167
2006-10-18,41.6975
2006-10-25,42.4155
2006-11-01,43.0899
2006-11-08,42.1335
2006-11-15,43.1917
2006-11-22,44.1552
2006-11-29,44.3764
2006-12-06,45.4124
2006-12-13,45.4273
2006-12-20,47.2128
2006-12-27,47.9365
2007-01-03,49.0141
2007-01-10,48.2069
2007-01-17,48.5990
2007-01-24,46.5625
2007-01-31,49.0019
2007-02-07,47.0281
2007-02-14,46.8393
2007-02-21,47.3538
2007-02-28,48.0040
2007-03-07,46.8701
2007-03-14,46.4735
2007-03-21,46.2556
2007-03-28,46.9450
2007-04-04,45.2403
2007-04-11,45.9709
2007-04-18,46.5180
2007-04-25,47.6932
2007-05-02,47.0887
2007-05-09,47.4273
2007-05-16,46.5395
2007-05-23,47.1938
2007-05-30,47.7835
2007-06-06,46.3095
2007-06-13,46.2547
2007-06-20,46.6729
2007-06-27,45.5755
2007-07-04,46.9549
2007-07-11,45.6593
2007-07-18,44.6720
2007-07-25,45.0827
2007-08-01,46.7391
2007-08-08,44.1506
2007-08-15,46.4444
2007-08-22,44.2581
2007-08-29,43.8691
2007-09-05,44.5429
2007-09-12,44.6501
2007-09-19,43.7669
2007-09-26,42.2570
2007-10-03,43.1047
2007-10-10,44.5308
2007-10-17,42.1987
2007-10-24,42.8078
2007-10-31,44.1632
2007-11-07,43.2164
2007-11-14,45.4514
2007-11-21,44.6900
2007-11-28,43.6580
2007-12-05,45.0990
2007-12-12,44.9837
2007-12-19,46.5687
2007-12-26,48.2655
2008-01-02,51.1763
2008-01-09,48.0901
2008-01-16,48.6147
2008-01-23,50.9764
2008-01-30,51.0303
2008-02-06,49.3883
2008-02-13,50.8406
2008-02-20,50.8299
2008-02-27,49.9191
2008-03-05,50.0296
2008-03-12,50.4398
2008-03-19,50.7582
2008-03-26,51.0089
2008-04-02,51.3248
2008-04-09,51.0467
2008-04-16,51.2058
2008-04-23,52.8936
2008-04-30,53.7543
2008-05-07,53.3005
2008-05-14,53.2020
2008-05-21,54.0050
2008-05-28,54.3559
2008-06-04,52.7921
2008-06-11,52.3010
2008-06-18,53.1632
2008-06-25,53.1294
2008-07-02,51.0117
2008-07-09,52.3635
2008-07-16,53.2076
2008-07-23,52.6381
2008-07-30,52.5128
2008-08-06,51.5924
2008-08-13,52.5831
2008-08-20,51.7706
2008-08-27,52.1010
2008-09-03,52.8913
2008-09-10,51.3789
2008-09-17,54.3328
2008-09-24,52.4775
2008-10-01,56.3946
2008-10-08,56.7778
2008-10-15,61.9991
2008-10-22,61.5289
2008-10-29,59.0747
2008-11-05,64.9986
2008-11-12,72.2768
2008-11-19,71.5227
2008-11-26,74.9362
2008-12-03,80.0709
2008-12-10,93.6808
2008-12-17,97.9018
2008-12-24,99.2863
2008-12-31,111.5820
2009-01-07,110.5695
2009-01-14,113.3155
2009-01-21,109.6112
2009-01-28,110.5545
2009-02-04,102.8431
2009-02-11,105.4587
2009-02-18,106.8717
2009-02-25,102.0022
2009-03-04,103.4648
2009-03-11,106.9107
2009-03-18,108.8519
2009-03-25,108.8002
2009-04-01,108.2879
2009-04-08,109.4207
2009-04-15,112.1960
2009-04-22,116.5697
2009-04-29,113.0144
2009-05-06,112.1876
2009-05-13,116.0569
2009-05-20,117.5637
2009-05-27,112.6032
2009-06-03,111.2472
2009-06-10,108.4594
2009-06-17,103.6289
2009-06-24,104.9977
2009-07-01,111.8003
2009-07-08,104.9176
2009-07-15,118.4540
2009-07-22,116.7768
2009-07-29,111.9515
2009-08-05,114.2020
2009-08-12,112.1996
2009-08-19,109.3815
2009-08-26,118.0822
2009-09-02,115.6684
2009-09-09,121.6465
2009-09-16,123.9006
2009-09-23,126.4546
2009-09-30,131.4006
2009-10-07,122.1410
2009-10-14,126.2812
2009-10-21,124.4816
2009-10-28,125.3968
2009-11-04,129.0356
2009-11-11,129.3978
2009-11-18,129.8458
2009-11-25,136.0841
2009-12-02,142.4072
2009-12-09,143.2318
2009-12-16,147.5127
2009-12-23,149.4718
2009-12-30,140.5245
2010-01-06,145.9425
2010-01-13,151.4863
2010-01-20,149.1411
2010-01-27,151.6534
2010-02-03,153.6614
2010-02-10,153.1362
2010-02-17,156.6146
2010-02-24,154.8837
2010-03-03,158.7639
2010-03-10,157.9112
2010-03-17,157.9845
2010-03-24,160.7417
2010-03-31,164.6420
2010-04-07,156.7634
2010-04-14,158.3598
2010-04-21,154.7669
2010-04-28,160.3493
2010-05-05,162.2937
2010-05-12,163.7586
2010-05-19,164.2626
2010-05-26,166.8080
2010-06-02,167.0926
2010-06-09,166.5051
2010-06-16,163.9663
2010-06-23,162.9784
2010-06-30,162.0448
2010-07-07,162.1073
2010-07-14,162.1647
2010-07-21,162.2216
2010-07-28,165.1759
2010-08-04,164.9923
2010-08-11,161.9669
2010-08-18,163.9387
2010-08-25,168.2574
2010-09-01,163.8579
2010-09-08,167.4466
2010-09-15,161.5807
2010-09-22,163.2631
2010-09-29,168.3407
2010-10-06,161.9138
2010-10-13,167.0123
2010-10-20,167.6438
2010-10-27,168.1242
2010-11-03,162.7847
2010-11-10,162.8548
2010-11-17,157.6895
2010-11-24,161.0470
2010-12-01,159.5299
2010-12-08,161.0781
2010-12-15,162.2016
2010-12-22,163.9926
2010-12-29,169.1116
2011-01-05,168.3154
2011-01-12,174.5468
2011-01-19,171.9680
2011-01-26,173.1745
2011-02-02,166.1069
2011-02-09,171.5264
2011-02-16,164.0873
2011-02-23,168.0160
2011-03-02,169.7191
2011-03-09,171.3533
2011-03-16,170.5699
2011-03-23,172.7510
2011-03-30,169.2719
2011-04-06,174.7294
2011-04-13,176.3440
2011-04-20,173.6893
2011-04-27,173.5029
2011-05-04,179.4687
2011-05-11,182.6924
2011-05-18,175.4705
2011-05-25,178.9929
2011-06-01,180.4020
2011-06-08,179.2075
2011-06-15,176.2126
2011-06-22,178.9934
2011-06-29,175.6613
2011-07-06,190.5888
2011-07-13,187.4387
2011-07-20,181.7580
2011-07-27,182.2081
2011-08-03,185.4697
2011-08-10,188.1143
2011-08-17,184.3861
2011-08-24,185.7579
2011-08-31,186.9488
2011-09-07,187.7185
2011-09-14,190.8636
2011-09-21,189.7285
2011-09-28,195.4572
2011-10-05,193.5921
2011-10-12,187.9175
2011-10-19,183.2952
2011-10-26,186.7843
2011-11-02,175.4364
2011-11-09,175.8511
2011-11-16,178.5870
2011-11-23,177.3073
2011-11-30,178.0385
2011-12-07,179.6946
2011-12-14,179.4792
2011-12-21,184.5704
2011-12-28,179.8058
2012-01-04,184.6844
2012-01-11,185.9099
2012-01-18,187.3716
2012-01-25,191.4896
2012-02-01,199.2676
2012-02-08,197.1733
2012-02-15,199.2924
2012-02-22,197.1100
2012-02-29,196.9181
2012-03-07,199.0395
2012-03-14,199.5430
2012-03-21,198.7585
2012-03-28,194.0585
2012-04-04,194.1163
2012-04-11,188.8992
2012-04-18,189.8086
2012-04-25,196.8896
2012-05-02,196.0905
2012-05-09,197.8822
2012-05-16,202.9680
2012-05-23,205.1709
2012-05-30,196.8828
2012-06-06,199.3645
2012-06-13,201.1125
2012-06-20,201.2070
2012-06-27,196.8055
2012-07-04,202.4563
2012-07-11,197.0421
2012-07-18,198.1739
2012-07-25,207.9385
2012-08-01,202.9181
2012-08-08,202.5732
2012-08-15,199.0973
2012-08-22,195.6782
2012-08-29,193.4736
2012-09-05,196.7608
2012-09-12,192.1022
2012-09-19,197.9775
2012-09-26,193.5383
2012-10-03,202.4243
2012-10-10,190.5144
2012-10-17,200.0785
2012-10-24,200.0612
2012-10-31,200.1836
2012-11-07,199.4246
2012-11-14,201.4016
2012-11-21,204.4562
2012-11-28,204.2698
2012-12-05,206.8418
2012-12-12,208.6733
2012-12-19,213.6270
2012-12-26,223.4620
2013-01-02,228.0015
2013-01-09,217.9681
2013-01-16,209.6579
2013-01-23,209.8372
2013-01-30,207.2052
2013-02-06,206.5481
2013-02-13,204.0949
2013-02-20,209.0693
2013-02-27,211.8973
2013-03-06,210.2831
2013-03-13,205.7255
2013-03-20,205.7696
2013-03-27,214.0608
2013-04-03,217.5157
2013-04-10,212.2070
2013-04-17,212.3347
2013-04-24,207.2263
2013-05-01,208.7796
2013-05-08,203.1179
2013-05-15,207.5886
2013-05-22,208.8535
2013-05-29,208.5759
2013-06-05,203.3510
2013-06-12,208.2041
2013-06-19,204.4787
2013-06-26,210.6955
2013-07-03,209.6927
2013-07-10,210.8324
2013-07-17,209.4274
2013-07-24,207.9093
2013-07-31,208.1958
2013-08-07,208.8051
2013-08-14,211.6327
2013-08-21,206.2205
2013-08-28,211.5679
2013-09-04,213.6816
2013-09-11,208.2688
2013-09-18,213.7532
2013-09-25,212.8343
2013-10-02,211.7790
2013-10-09,215.7011
2013-10-16,216.6073
2013-10-23,217.5070
2013-10-30,211.4199
2013-11-06,211.9992
2013-11-13,215.0547
2013-11-20,219.9103
2013-11-27,224.4017
2013-12-04,228.2548
2013-12-11,219.4162
2013-12-18,221.8858
2013-12-25,223.7983
2014-01-01,210.3074
2014-01-08,224.5512
2014-01-15,225.8917
2014-01-22,223.5880
2014-01-29,217.8299
2014-02-05,213.8490
2014-02-12,218.6222
2014-02-19,217.8692
2014-02-26,221.2732
2014-03-05,232.6011
2014-03-12,232.3299
2014-03-19,232.5709
2014-03-26,235.8142
2014-04-02,229.3557
2014-04-09,227.1886
2014-04-16,224.4161
2014-04-23,221.2076
2014-04-30,227.0428
2014-05-07,221.3027
2014-05-14,222.9597
2014-05-21,225.7133
2014-05-28,233.3130
2014-06-04,232.1044
2014-06-11,231.4310
2014-06-18,226.8163
2014-06-25,225.2455
2014-07-02,221.7760
2014-07-09,224.4008
2014-07-16,227.4950
2014-07-23,230.3786
2014-07-30,227.4680
2014-08-06,223.2860
2014-08-13,220.7647
2014-08-20,225.1968
2014-08-27,225.2299
2014-09-03,229.1932
2014-09-10,224.2501
2014-09-17,224.0354
2014-09-24,224.6407
2014-10-01,219.9142
2014-10-08,219.4094
2014-10-15,225.4389
2014-10-22,219.1708
2014-10-29,225.6169
2014-11-05,224.1927
2014-11-12,228.1167
2014-11-19,217.5512
2014-11-26,222.0532
2014-12-03,215.4012
2014-12-10,219.9497
2014-12-17,219.1238
2014-12-24,216.4266
2014-12-31,217.4202
2015-01-07,219.2236
2015-01-14,238.9375
2015-01-21,235.0898
2015-01-28,239.1870
2015-02-04,234.8537
2015-02-11,243.5871
2015-02-18,236.4548
2015-02-25,225.9409
2015-03-04,230.1390
2015-03-11,233.7552
2015-03-18,236.2551
2015-03-25,228.6774
2015-04-01,234.7368
2015-04-08,238.5657
2015-04-15,239.3757
2015-04-22,227.6500
2015-04-29,220.7322
2015-05-06,231.6434
2015-05-13,242.9609
2015-05-20,228.4015
2015-05-27,231.8339
2015-06-03,239.9439
2015-06-10,241.0088
2015-06-17,238.5664
2015-06-24,235.2192
2015-07-01,232.4518
2015-07-08,232.4324
2015-07-15,246.3937
2015-07-22,236.5458
2015-07-29,230.0910
2015-08-05,227.8188
2015-08-12,234.2584
2015-08-19,245.3968
2015-08-26,238.9703
2015-09-02,242.3212
2015-09-09,244.0291
2015-09-16,243.8962
2015-09-23,231.0324
2015-09-30,228.5334
2015-10-07,239.9384
2015-10-14,246.4550
2015-10-21,226.9174
2015-10-28,232.7931
2015-11-04,247.3284
2015-11-11,255.0797
2015-11-18,231.4507
2015-11-25,233.1594
2015-12-02,235.4334
2015-12-09,238.9364
2015-12-16,227.7286
2015-12-23,220.6937
2015-12-30,215.0451
2016-01-06,224.6552
2016-01-13,236.7871
2016-01-20,233.3877
2016-01-27,233.5082
2016-02-03,242.3047
2016-02-10,246.2840
2016-02-17,240.2983
2016-02-24,233.8387
2016-03-02,237.4084
2016-03-09,243.7099
2016-03-16,242.6068
2016-03-23,236.3891
2016-03-30,235.8371
2016-04-06,241.9800
2016-04-13,241.3737
2016-04-20,243.7391
2016-04-27,232.9966
2016-05-04,243.8734
2016-05-11,243.9156
2016-05-18,246.4711
2016-05-25,244.4925
2016-06-01,236.8356
2016-06-08,249.9805
2016-06-15,255.1875
2016-06-22,249.6400
2016-06-29,249.0624
2016-07-06,250.0801
2016-07-13,255.0249
2016-07-20,256.8060
2016-07-27,253.2728
2016-08-03,269.8707
2016-08-10,270.6074
2016-08-17,266.5290
2016-08-24,264.3496
2016-08-31,256.9889
2016-09-07,267.6264
2016-09-14,265.5253
2016-09-21,262.6262
2016-09-28,265.2150
2016-10-05,255.9800
2016-10-12,258.7196
2016-10-19,261.2870
2016-10-26,262.1194
2016-11-02,261.5263
2016-11-09,263.2057
2016-11-16,263.1203
2016-11-23,260.9224
2016-11-30,252.3169
2016-12-07,254.7098
2016-12-14,248.0575
2016-12-21,242.1000
2016-12-28,243.7055
2017-01-04,247.4291
2017-01-11,252.5323
2017-01-18,258.6703
2017-01-25,253.6322
2017-02-01,257.2074
2017-02-08,251.8988
2017-02-15,252.9574
2017-02-22,252.1132
2017-03-01,253.0563
2017-03-08,257.3756
2017-03-15,259.3490
2017-03-22,259.2069
2017-03-29,251.5226
2017-04-05,250.8873
2017-04-12,248.2816
2017-04-19,248.9066
2017-04-26,248.5732
2017-05-03,263.4282
2017-05-10,252.5894
2017-05-17,251.4512
2017-05-24,253.7679
2017-05-31,244.2240
2017-06-07,250.3494
2017-06-14,238.2204
2017-06-21,239.1369
2017-06-28,233.3547
2017-07-05,235.3940
2017-07-12,235.3677
2017-07-19,231.6531
2017-07-26,237.9039
2017-08-02,230.3544
2017-08-09,236.0399
2017-08-16,232.7622
2017-08-23,228.2152
2017-08-30,224.4750
2017-09-06,235.0242
2017-09-13,234.7786
2017-09-20,236.9961
2017-09-27,232.1580
2017-10-04,232.5520
2017-10-11,238.3673
2017-10-18,232.5967
2017-10-25,239.0329
2017-11-01,243.6149
2017-11-08,235.5365
2017-11-15,237.4473
2017-11-22,231.2135
2017-11-29,227.3097
2017-12-06,226.2515
2017-12-13,223.2219
2017-12-20,226.2011
2017-12-27,231.3814
2018-01-03,234.8824
2018-01-10,234.8989
2018-01-17,234.6409
2018-01-24,246.1548
2018-01-31,240.2356
2018-02-07,227.5531
2018-02-14,227.3494
2018-02-21,224.0634
2018-02-28,221.8211
2018-03-07,214.9980
2018-03-14,228.2879
2018-03-21,221.7783
2018-03-28,226.2186
2018-04-04,236.4222
2018-04-11,235.7544
2018-04-18,239.7338
2018-04-25,237.0637
2018-05-02,237.6988
2018-05-09,234.7367
2018-05-16,234.3074
2018-05-23,235.2547
2018-05-30,240.1150
2018-06-06,242.3645
2018-06-13,242.6243
2018-06-20,235.6677
2018-06-27,230.1459
2018-07-04,241.6809
2018-07-11,232.4976
2018-07-18,229.2266
2018-07-25,232.4060
2018-08-01,238.1336
2018-08-08,232.7384
2018-08-15,233.8118
2018-08-22,231.6017
2018-08-29,226.4770
2018-09-05,227.0813
2018-09-12,222.2399
2018-09-19,231.2871
2018-09-26,229.8547
2018-10-03,238.8488
2018-10-10,239.4249
2018-10-17,230.2720
2018-10-24,230.0730
2018-10-31,237.8878
2018-11-07,234.1602
2018-11-14,231.6371
2018-11-21,226.4473
2018-11-28,218.6921
2018-12-05,224.4921
2018-12-12,217.5394
2018-12-19,232.7841
2018-12-26,237.7439
2019-01-02,243.5227
2019-01-09,238.6472
2019-01-16,233.9288
2019-01-23,237.8802
2019-01-30,228.1344
2019-02-06,229.7188
2019-02-13,227.8579
2019-02-20,230.4277
2019-02-27,229.3761
2019-03-06,224.7438
2019-03-13,233.6040
2019-03-20,235.3592
2019-03-27,235.1067
2019-04-03,238.8738
2019-04-10,234.9978
2019-04-17,227.3011
2019-04-24,224.8314
2019-05-01,237.7529
2019-05-08,233.3421
2019-05-15,231.7775
2019-05-22,229.3872
2019-05-29,229.4399
2019-06-05,234.6430
2019-06-12,240.8459
2019-06-19,237.2807
2019-06-26,247.1148
2019-07-03,248.8737
2019-07-10,245.2084
2019-07-17,242.9820
2019-07-24,246.2319
2019-07-31,247.6031
2019-08-07,244.8405
2019-08-14,246.3492
2019-08-21,248.9827
2019-08-28,253.9024
2019-09-04,251.9717
2019-09-11,246.8521
2019-09-18,244.5781
2019-09-25,244.7909
2019-10-02,253.6032
2019-10-09,249.3489
2019-10-16,256.4262
2019-10-23,254.0801
2019-10-30,250.2667
2019-11-06,248.4380
2019-11-13,248.2305
2019-11-20,258.7200
2019-11-27,258.1794
2019-12-04,253.5819
2019-12-11,256.8370
2019-12-18,255.6640
2019-12-25,248.4299
2020-01-01,255.6626
2020-01-08,257.3232
2020-01-15,259.1295
2020-01-22,256.6794
2020-01-29,258.3801
2020-02-05,258.2844
2020-02-12,259.9907
2020-02-19,260.1592
2020-02-26,272.0001
2020-03-04,268.0192
2020-03-11,278.8408
2020-03-18,299.5744
2020-03-25,333.9242
2020-04-01,346.6914
2020-04-08,345.6597
2020-04-15,395.1586
2020-04-22,415.3912
2020-04-29,437.0889
2020-05-06,460.8853
2020-05-13,458.5635
2020-05-20,471.3718
2020-05-27,486.9878
2020-06-03,470.2235
2020-06-10,483.9552
2020-06-17,488.3018
2020-06-24,506.9995
2020-07-01,485.7668
2020-07-08,488.9332
2020-07-15,474.1225
2020-07-22,456.1939
2020-07-29,438.8237
2020-08-05,454.1387
2020-08-12,462.4565
2020-08-19,466.6879
2020-08-26,480.2850
2020-09-02,471.4435
2020-09-09,480.4570
2020-09-16,482.7079
2020-09-23,478.0353
2020-09-30,492.7602
2020-10-07,492.8537
2020-10-14,496.3570
2020-10-21,497.9225
2020-10-28,501.1409
2020-11-04,510.9553
2020-11-11,514.6533
2020-11-18,504.1337
2020-11-25,515.6345
2020-12-02,512.1825
2020-12-09,521.6559
2020-12-16,524.1221
2020-12-23,527.4687
2020-12-30,532.7459
2021-01-06,542.4201
2021-01-13,573.2871
2021-01-20,574.1816
2021-01-27,590.3797
2021-02-03,589.6899
2021-02-10,601.9101
2021-02-17,586.4294
2021-02-24,574.4084
2021-03-03,562.5343
2021-03-10,568.9706
2021-03-17,640.7930
2021-03-24,635.4456
2021-03-31,626.2323
2021-04-07,628.1964
2021-04-14,644.9312
2021-04-21,655.9379
2021-04-28,676.6072
2021-05-05,687.5720
2021-05-12,676.4777
2021-05-19,661.4671
2021-05-26,652.9888
2021-06-02,656.4406
2021-06-09,680.5579
2021-06-16,698.1480
2021-06-23,691.7859
2021-06-30,682.4017
2021-07-07,674.2918
2021-07-14,684.9784
2021-07-21,692.9625
2021-07-28,709.3284
2021-08-04,715.3832
2021-08-11,728.6895
2021-08-18,727.2234
2021-08-25,735.5515
2021-09-01,721.0038
2021-09-08,719.3051
2021-09-15,728.3611
2021-09-22,753.6103
2021-09-29,728.7736
2021-10-06,719.6790
2021-10-13,720.2817
2021-10-20,727.2463
2021-10-27,733.0687
2021-11-03,726.0212
2021-11-10,719.7478
2021-11-17,714.4828
2021-11-24,712.2636
2021-12-01,713.4981
2021-12-08,711.6310
2021-12-15,702.1451
2021-12-22,710.0280
2021-12-29,702.9500
2022-01-05,682.2273
2022-01-12,700.6676
2022-01-19,689.8053
2022-01-26,693.2515
2022-02-02,674.7503
2022-02-09,686.8640
2022-02-16,651.9669
2022-02-23,632.4304
2022-03-02,593.2033
2022-03-09,588.6917
2022-03-16,623.5229
2022-03-23,579.2004
2022-03-30,599.6264
2022-04-06,584.1183
2022-04-13,578.0607
2022-04-20,568.1727
2022-04-27,539.5117
2022-05-04,544.4581
2022-05-11,522.0483
2022-05-18,512.6245
2022-05-25,518.5796
2022-06-01,507.1520
2022-06-08,502.9633
2022-06-15,500.1361
2022-06-22,492.7231
2022-06-29,481.6765
2022-07-06,460.8612
2022-07-13,456.2577
2022-07-20,449.8515
2022-07-27,442.2691
2022-08-03,437.0237
2022-08-10,442.7144
2022-08-17,438.4870
2022-08-24,433.7261
2022-08-31,428.7912
2022-09-07,414.3470
2022-09-14,410.1259
2022-09-21,403.3075
2022-09-28,396.7189
2022-10-05,395.6573
2022-10-12,393.2714
2022-10-19,393.8654
2022-10-26,390.9904
2022-11-02,381.7182
2022-11-09,381.6821
2022-11-16,391.3556
2022-11-23,385.7067
2022-11-30,379.5717
2022-12-07,372.5357
2022-12-14,367.3636
2022-12-21,363.7936
2022-12-28,364.2444
2023-01-04,367.0327
2023-01-11,356.9042
2023-01-18,359.6639
2023-01-25,355.5327
2023-02-01,367.3328
2023-02-08,362.1444
2023-02-15,351.4743
2023-02-22,351.0726
2023-03-01,345.0598
2023-03-08,320.4404
2023-03-15,459.0817
2023-03-22,454.7326
2023-03-29,444.0659
2023-04-05,439.5923
2023-04-12,428.3087
2023-04-19,436.8562
2023-04-26,428.5428
2023-05-03,445.3776
2023-05-10,445.0151
2023-05-17,437.6250
2023-05-24,431.5970
2023-05-31,438.4881
2023-06-07,423.8824
2023-06-14,427.3345
2023-06-21,436.3526
2023-06-28,422.9126
2023-07-05,425.2772
2023-07-12,420.2532
2023-07-19,419.3617
2023-07-26,424.8440
2023-08-02,426.0801
2023-08-09,426.8780
2023-08-16,427.1972
2023-08-23,422.6401
2023-08-30,409.7610
2023-09-06,417.6876
2023-09-13,418.0815
2023-09-20,410.1899
2023-09-27,413.3940
2023-10-04,414.0942
2023-10-11,413.5058
2023-10-18,412.6755
2023-10-25,417.8565
2023-11-01,412.6048
2023-11-08,411.4470
2023-11-15,412.4283
2023-11-22,410.9188
2023-11-29,410.2736
2023-12-06,412.5364
2023-12-13,421.4008
2023-12-20,436.1605
2023-12-27,443.7577
2024-01-03,442.3288
2024-01-10,434.4358
2024-01-17,441.5071
2024-01-24,447.2591
2024-01-31,452.7828
2024-02-07,451.7038
2024-02-14,442.5239
2024-02-21,433.1164
2024-02-28,436.8624
2024-03-06,410.0290
2024-03-13,454.7950
2024-03-20,442.7550
2024-03-27,445.2186
2024-04-03,441.5031
2024-04-10,435.8950
2024-04-17,419.8792
2024-04-24,425.0065
2024-05-01,428.4135
2024-05-08,430.4765
2024-05-15,431.6859
2024-05-22,433.7130
2024-05-29,439.7152
2024-06-05,448.0766
2024-06-12,456.7811
2024-06-19,452.3329
2024-06-26,456.5144
2024-07-03,444.8634
2024-07-10,438.3324
2024-07-17,442.8343
2024-07-24,443.9247
2024-07-31,454.1508
2024-08-07,457.5328
2024-08-14,452.8961
2024-08-21,466.2633
2024-08-28,473.1154
2024-09-04,482.0087
2024-09-11,476.9905
2024-09-18,484.9943
2024-09-25,480.5138
2024-10-02,490.8739
2024-10-09,480.4704
2024-10-16,487.1284
2024-10-23,477.5655
2024-10-30,488.5353
2024-11-06,500.2258
2024-11-13,485.0483
2024-11-20,480.3152
2024-11-27,499.3739
2024-12-04,498.3588
2024-12-11,491.1608
2024-12-18,489.9685
2024-12-25,475.1434
2025-01-01,477.2956
2025-01-08,492.2091
2025-01-15,488.2700
2025-01-22,489.2830
2025-01-29,482.5535
2025-02-05,478.8965
2025-02-12,479.2008
2025-02-19,472.4821
2025-02-26,486.9047
2025-03-05,464.4227
2025-03-12,495.5425
2025-03-19,507.8846
2025-03-26,490.7357
2025-04-02,507.2207
2025-04-09,493.7671
2025-04-16,496.6991
2025-04-23,500.2299
2025-04-30,498.2133
2025-05-07,476.2791
2025-05-14,487.9260
2025-05-21,480.0664
2025-05-28,478.0570
2025-06-04,480.7505
2025-06-11,485.1024
2025-06-18,479.7143
2025-06-25,492.5360
2025-07-02,485.0136
2025-07-09,483.5029
2025-07-16,480.3528
2025-07-23,485.2386
2025-07-30,478.7026
2025-08-06,486.7616
2025-08-13,493.2898
2025-08-20,497.2020
2025-08-27,497.0368
2025-09-03,501.1763
2025-09-10,487.9291
2025-09-17,489.7432
2025-09-24,495.3448
2025-10-01,497.8533
2025-10-08,495.9866
2025-10-15,499.9958
2025-10-22,493.3059
2025-10-29,497.0127
2025-11-05,492.9282
2025-11-12,498.2413
2025-11-19,493.8838
2025-11-26,491.5891
2025-12-03,486.3393
2025-12-10,493.2712
2025-12-17,485.6992
2025-12-24,491.6764
2025-12-31,496.6542
2026-01-07,490.7709
2026-01-14,496.1763
2026-01-21,492.2581
2026-01-28,502.1497
2026-02-04,493.1355
2026-02-11,507.1423
2026-02-18,529.4225
2026-02-25,505.7399
2026-03-04,484.9613
2026-03-11,499.8495
2026-03-18,506.9754
2026-03-25,494.6116
2026-04-01,504.6840
2026-04-08,490.1363
2026-04-15,490.5658
2026-04-22,485.6937
2026-04-29,497.2680
2026-05-06,503.5746
2026-05-13,493.6600
2026-05-20,507.9132
2026-05-27,512.4628
2026-06-03,508.8341
2026-06-10,499.0847
2026-06-17,486.6458
2026-06-24,493.2616
2026-07-01,509.6330
2026-07-08,505.7391
2026-07-15,488.5265
2026-07-22,506.7421
2026-07-29,485.2386
2026-08-05,484.9723
2026-08-12,479.6495
2026-08-19,480.7170
2026-08-26,476.5578
