observation_date,TLALCBW027SBOG
1985-04-03,1738.2716
1985-04-10,1745.6326
1985-04-17,1741.6363
1985-04-24,1744.7820
1985-05-01,1766.2459
1985-05-08,1758.9150
1985-05-15,1779.4925
1985-05-22,1766.6332
1985-05-29,1757.1555
1985-06-05,1779.9658
1985-06-12,1786.8766
1985-06-19,1791.0263
1985-06-26,1786.2123
1985-07-03,1789.2895
1985-07-10,1786.4962
1985-07-17,1784.4745
1985-07-24,1793.6487
1985-07-31,1798.2935
1985-08-07,1791.1730
1985-08-14,1796.3733
1985-08-21,1795.8942
1985-08-28,1795.6021
1985-09-04,1815.6281
1985-09-11,1804.9759
1985-09-18,1806.7162
1985-09-25,1807.3239
1985-10-02,1816.1395
1985-10-09,1808.0271
1985-10-16,1811.7030
1985-10-23,1808.9883
1985-10-30,1803.0358
1985-11-06,1822.1767
1985-11-13,1829.9201
1985-11-20,1835.0112
1985-11-27,1848.4068
1985-12-04,1856.0140
1985-12-11,1856.4846
1985-12-18,1862.2087
1985-12-25,1871.4243
1986-01-01,1874.9266
1986-01-08,1874.5273
1986-01-15,1880.0796
1986-01-22,1875.1228
1986-01-29,1859.2628
1986-02-05,1875.0731
1986-02-12,1867.6169
1986-02-19,1877.2002
1986-02-26,1872.3843
1986-03-05,1892.9888
1986-03-12,1898.2713
1986-03-19,1892.4124
1986-03-26,1907.2211
1986-04-02,1893.3223
1986-04-09,1898.6765
1986-04-16,1898.8271
1986-04-23,1916.0971
1986-04-30,1909.5957
1986-05-07,1902.6210
1986-05-14,1899.7881
1986-05-21,1908.5295
1986-05-28,1914.5980
1986-06-04,1903.8882
1986-06-11,1910.6359
1986-06-18,1905.0627
1986-06-25,1918.1884
1986-07-02,1920.5848
1986-07-09,1928.2236
1986-07-16,1938.3547
1986-07-23,1936.1343
1986-07-30,1931.2837
1986-08-06,1941.3162
1986-08-13,1939.9678
1986-08-20,1944.4963
1986-08-27,1958.8551
1986-09-03,1967.9709
1986-09-10,1952.1968
1986-09-17,1963.3451
1986-09-24,1952.2765
1986-10-01,1979.3547
1986-10-08,1954.6446
1986-10-15,1972.9412
1986-10-22,1963.1842
1986-10-29,1949.3095
1986-11-05,1966.3669
1986-11-12,1985.6066
1986-11-19,1973.2339
1986-11-26,1991.4163
1986-12-03,1979.6900
1986-12-10,1994.0779
1986-12-17,1990.8815
1986-12-24,2023.7142
1986-12-31,2037.8327
1987-01-07,2032.1402
1987-01-14,2020.0879
1987-01-21,2024.6064
1987-01-28,2040.2304
1987-02-04,2026.6985
1987-02-11,2029.1103
1987-02-18,2026.1698
1987-02-25,2028.8297
1987-03-04,2029.4926
1987-03-11,2038.5910
1987-03-18,2030.7961
1987-03-25,2042.9421
1987-04-01,2056.2510
1987-04-08,2046.6566
1987-04-15,2070.0145
1987-04-22,2061.3600
1987-04-29,2045.0080
1987-05-06,2051.0237
1987-05-13,2052.5438
1987-05-20,2059.1564
1987-05-27,2077.6664
1987-06-03,2047.3037
1987-06-10,2063.1805
1987-06-17,2046.2143
1987-06-24,2069.9225
1987-07-01,2059.0149
1987-07-08,2037.0672
1987-07-15,2059.1702
1987-07-22,2048.2753
1987-07-29,2043.5375
1987-08-05,2055.0490
1987-08-12,2061.8199
1987-08-19,2054.7416
1987-08-26,2077.7582
1987-09-02,2043.5894
1987-09-09,2075.3200
1987-09-16,2074.9723
1987-09-23,2083.1484
1987-09-30,2082.7181
1987-10-07,2073.7135
1987-10-14,2084.6134
1987-10-21,2101.4244
1987-10-28,2118.1609
1987-11-04,2097.8917
1987-11-11,2092.6940
1987-11-18,2076.3049
1987-11-25,2083.6523
1987-12-02,2079.6073
1987-12-09,2081.4743
1987-12-16,2084.4980
1987-12-23,2087.3856
1987-12-30,2074.8004
1988-01-06,2092.5052
1988-01-13,2090.6750
1988-01-20,2102.2891
1988-01-27,2108.3170
1988-02-03,2106.6177
1988-02-10,2109.0288
1988-02-17,2115.3593
1988-02-24,2094.9984
1988-03-02,2107.5639
1988-03-09,2105.4616
1988-03-16,2122.9594
1988-03-23,2128.0846
1988-03-30,2111.2691
1988-04-06,2133.1301
1988-04-13,2119.3837
1988-04-20,2142.3389
1988-04-27,2137.9077
1988-05-04,2157.2977
1988-05-11,2155.6495
1988-05-18,2149.1487
1988-05-25,2140.7516
1988-06-01,2178.8600
1988-06-08,2166.6440
1988-06-15,2199.7227
1988-06-22,2174.3343
1988-06-29,2162.0583
1988-07-06,2185.1265
1988-07-13,2179.7931
1988-07-20,2187.8463
1988-07-27,2195.8980
1988-08-03,2179.8274
1988-08-10,2195.0105
1988-08-17,2180.6629
1988-08-24,2193.8107
1988-08-31,2178.6506
1988-09-07,2190.9877
1988-09-14,2185.6736
1988-09-21,2201.2533
1988-09-28,2179.9949
1988-10-05,2197.3877
1988-10-12,2200.1171
1988-10-19,2195.8902
1988-10-26,2201.5887
1988-11-02,2209.7832
1988-11-09,2191.0339
1988-11-16,2208.0705
1988-11-23,2207.7830
1988-11-30,2213.1533
1988-12-07,2212.2243
1988-12-14,2212.0647
1988-12-21,2209.8210
1988-12-28,2213.6492
1989-01-04,2224.0347
1989-01-11,2230.4031
1989-01-18,2219.9878
1989-01-25,2227.2071
1989-02-01,2241.2721
1989-02-08,2232.0454
1989-02-15,2234.5026
1989-02-22,2240.5533
1989-03-01,2265.0040
1989-03-08,2234.3838
1989-03-15,2259.1861
1989-03-22,2253.1091
1989-03-29,2240.7092
1989-04-05,2245.7792
1989-04-12,2245.4988
1989-04-19,2247.1816
1989-04-26,2252.4528
1989-05-03,2260.2722
1989-05-10,2255.0684
1989-05-17,2269.2026
1989-05-24,2268.1138
1989-05-31,2279.3725
1989-06-07,2267.8870
1989-06-14,2269.3661
1989-06-21,2274.8700
1989-06-28,2268.5266
1989-07-05,2291.6907
1989-07-12,2304.4531
1989-07-19,2281.0128
1989-07-26,2308.8490
1989-08-02,2299.9260
1989-08-09,2309.0073
1989-08-16,2303.2430
1989-08-23,2315.9986
1989-08-30,2292.3734
1989-09-06,2319.6217
1989-09-13,2306.6718
1989-09-20,2329.7198
1989-09-27,2316.3789
1989-10-04,2331.7681
1989-10-11,2328.3989
1989-10-18,2325.2561
1989-10-25,2336.4290
1989-11-01,2377.6426
1989-11-08,2330.0464
1989-11-15,2351.4673
1989-11-22,2345.4228
1989-11-29,2334.7549
1989-12-06,2347.4946
1989-12-13,2358.6327
1989-12-20,2354.9894
1989-12-27,2368.5387
1990-01-03,2362.8672
1990-01-10,2377.6168
1990-01-17,2381.4188
1990-01-24,2371.9312
1990-01-31,2376.6699
1990-02-07,2374.7033
1990-02-14,2364.6513
1990-02-21,2383.9860
1990-02-28,2382.9785
1990-03-07,2380.4476
1990-03-14,2386.6163
1990-03-21,2387.9406
1990-03-28,2387.3021
1990-04-04,2389.0015
1990-04-11,2390.8436
1990-04-18,2397.9303
1990-04-25,2396.1691
1990-05-02,2398.3999
1990-05-09,2391.7833
1990-05-16,2400.7192
1990-05-23,2398.0901
1990-05-30,2386.4715
1990-06-06,2404.3271
1990-06-13,2415.7230
1990-06-20,2418.2124
1990-06-27,2427.2130
1990-07-04,2416.1844
1990-07-11,2420.9524
1990-07-18,2419.9844
1990-07-25,2442.3633
1990-08-01,2450.1446
1990-08-08,2440.8420
1990-08-15,2469.0237
1990-08-22,2455.4490
1990-08-29,2433.2698
1990-09-05,2467.4170
1990-09-12,2436.1468
1990-09-19,2447.0241
1990-09-26,2434.0801
1990-10-03,2440.6294
1990-10-10,2439.0431
1990-10-17,2413.4653
1990-10-24,2429.2779
1990-10-31,2433.9787
1990-11-07,2416.4477
1990-11-14,2444.7758
1990-11-21,2434.0351
1990-11-28,2417.8565
1990-12-05,2428.8844
1990-12-12,2437.7596
1990-12-19,2416.1919
1990-12-26,2429.0901
1991-01-02,2428.0502
1991-01-09,2416.0584
1991-01-16,2395.3102
1991-01-23,2434.0030
1991-01-30,2404.3686
1991-02-06,2434.3923
1991-02-13,2421.0244
1991-02-20,2444.3287
1991-02-27,2429.9621
1991-03-06,2442.4275
1991-03-13,2444.0107
1991-03-20,2448.0233
1991-03-27,2452.5865
1991-04-03,2446.5703
1991-04-10,2443.9611
1991-04-17,2443.1609
1991-04-24,2430.7122
1991-05-01,2473.1170
1991-05-08,2430.4616
1991-05-15,2465.1275
1991-05-22,2429.3852
1991-05-29,2437.0921
1991-06-05,2432.9577
1991-06-12,2441.4834
1991-06-19,2427.6474
1991-06-26,2459.8867
1991-07-03,2421.4077
1991-07-10,2436.9055
1991-07-17,2416.2071
1991-07-24,2433.9290
1991-07-31,2442.6384
1991-08-07,2441.6373
1991-08-14,2426.8864
1991-08-21,2442.2377
1991-08-28,2428.9734
1991-09-04,2451.2248
1991-09-11,2418.0640
1991-09-18,2445.5287
1991-09-25,2440.8681
1991-10-02,2447.8540
1991-10-09,2418.2953
1991-10-16,2462.0434
1991-10-23,2432.7067
1991-10-30,2429.3937
1991-11-06,2432.8779
1991-11-13,2461.0979
1991-11-20,2435.6337
1991-11-27,2452.8095
1991-12-04,2436.9188
1991-12-11,2453.6815
1991-12-18,2426.8513
1991-12-25,2463.6351
1992-01-01,2417.9724
1992-01-08,2447.4805
1992-01-15,2462.2856
1992-01-22,2468.1962
1992-01-29,2448.0981
1992-02-05,2464.8191
1992-02-12,2458.3916
1992-02-19,2467.0167
1992-02-26,2446.2622
1992-03-04,2467.0444
1992-03-11,2460.8778
1992-03-18,2458.2573
1992-03-25,2472.4864
1992-04-01,2486.6556
1992-04-08,2448.2665
1992-04-15,2494.8006
1992-04-22,2447.7890
1992-04-29,2437.2091
1992-05-06,2441.1826
1992-05-13,2442.6113
1992-05-20,2440.9352
1992-05-27,2451.7747
1992-06-03,2422.0958
1992-06-10,2450.8766
1992-06-17,2428.5749
1992-06-24,2445.2548
1992-07-01,2461.4846
1992-07-08,2422.7709
1992-07-15,2445.1819
1992-07-22,2437.1208
1992-07-29,2409.4061
1992-08-05,2441.5457
1992-08-12,2431.2010
1992-08-19,2428.7444
1992-08-26,2437.2496
1992-09-02,2437.0515
1992-09-09,2435.7384
1992-09-16,2454.9879
1992-09-23,2427.4441
1992-09-30,2450.6279
1992-10-07,2433.6685
1992-10-14,2464.3313
1992-10-21,2439.5163
1992-10-28,2444.3944
1992-11-04,2450.6881
1992-11-11,2465.5258
1992-11-18,2435.1007
1992-11-25,2466.5876
1992-12-02,2452.3710
1992-12-09,2459.9452
1992-12-16,2453.0783
1992-12-23,2465.9543
1992-12-30,2443.3828
1993-01-06,2454.5907
1993-01-13,2434.9949
1993-01-20,2440.8020
1993-01-27,2432.6448
1993-02-03,2453.4048
1993-02-10,2443.9743
1993-02-17,2457.5736
1993-02-24,2430.8559
1993-03-03,2461.2651
1993-03-10,2450.2834
1993-03-17,2459.0462
1993-03-24,2463.9694
1993-03-31,2471.4781
1993-04-07,2470.2170
1993-04-14,2473.1010
1993-04-21,2457.7336
1993-04-28,2475.4867
1993-05-05,2480.9698
1993-05-12,2501.0895
1993-05-19,2480.6443
1993-05-26,2502.5346
1993-06-02,2508.5216
1993-06-09,2522.6944
1993-06-16,2513.7702
1993-06-23,2519.8949
1993-06-30,2503.1951
1993-07-07,2545.5395
1993-07-14,2530.6774
1993-07-21,2535.2767
1993-07-28,2523.1881
1993-08-04,2536.3111
1993-08-11,2538.1840
1993-08-18,2533.3678
1993-08-25,2538.2227
1993-09-01,2568.7194
1993-09-08,2539.7656
1993-09-15,2586.1034
1993-09-22,2539.8859
1993-09-29,2552.7407
1993-10-06,2551.6627
1993-10-13,2565.8057
1993-10-20,2553.4483
1993-10-27,2559.8129
1993-11-03,2552.2754
1993-11-10,2564.8197
1993-11-17,2544.6680
1993-11-24,2575.7868
1993-12-01,2589.5816
1993-12-08,2575.2771
1993-12-15,2597.1495
1993-12-22,2575.2293
1993-12-29,2562.7971
1994-01-05,2607.4484
1994-01-12,2612.9564
1994-01-19,2617.9967
1994-01-26,2609.7821
1994-02-02,2618.6988
1994-02-09,2622.9962
1994-02-16,2612.1793
1994-02-23,2617.3820
1994-03-02,2639.1623
1994-03-09,2618.9971
1994-03-16,2638.7571
1994-03-23,2641.9712
1994-03-30,2644.2975
1994-04-06,2632.5175
1994-04-13,2624.7932
1994-04-20,2618.5794
1994-04-27,2628.8201
1994-05-04,2629.2896
1994-05-11,2647.0325
1994-05-18,2633.6730
1994-05-25,2647.0639
1994-06-01,2664.7833
1994-06-08,2641.1771
1994-06-15,2666.3622
1994-06-22,2651.7842
1994-06-29,2648.6369
1994-07-06,2681.5223
1994-07-13,2676.1628
1994-07-20,2675.9359
1994-07-27,2690.1347
1994-08-03,2679.5046
1994-08-10,2683.2922
1994-08-17,2682.8457
1994-08-24,2703.5261
1994-08-31,2707.8501
1994-09-07,2697.0733
1994-09-14,2700.8694
1994-09-21,2709.5718
1994-09-28,2705.4918
1994-10-05,2710.0897
1994-10-12,2722.4783
1994-10-19,2713.9850
1994-10-26,2730.9401
1994-11-02,2732.2193
1994-11-09,2714.2392
1994-11-16,2729.3660
1994-11-23,2750.4083
1994-11-30,2737.5020
1994-12-07,2733.6382
1994-12-14,2738.1259
1994-12-21,2753.4311
1994-12-28,2757.0816
1995-01-04,2776.0764
1995-01-11,2764.4807
1995-01-18,2769.8768
1995-01-25,2765.8477
1995-02-01,2793.3840
1995-02-08,2753.6279
1995-02-15,2782.0801
1995-02-22,2780.9306
1995-03-01,2814.8203
1995-03-08,2779.2866
1995-03-15,2825.0096
1995-03-22,2795.9447
1995-03-29,2800.1035
1995-04-05,2802.8925
1995-04-12,2814.6502
1995-04-19,2816.8781
1995-04-26,2835.0572
1995-05-03,2821.8281
1995-05-10,2838.6163
1995-05-17,2829.3612
1995-05-24,2855.3288
1995-05-31,2862.7028
1995-06-07,2866.3118
1995-06-14,2863.6987
1995-06-21,2869.4579
1995-06-28,2857.3865
1995-07-05,2892.0677
1995-07-12,2878.0710
1995-07-19,2884.2731
1995-07-26,2896.4708
1995-08-02,2902.5184
1995-08-09,2895.1238
1995-08-16,2888.4736
1995-08-23,2895.3802
1995-08-30,2877.6117
1995-09-06,2909.7205
1995-09-13,2903.1065
1995-09-20,2919.6890
1995-09-27,2918.6351
1995-10-04,2914.9049
1995-10-11,2929.7451
1995-10-18,2898.3380
1995-10-25,2931.0154
1995-11-01,2948.1322
1995-11-08,2923.7006
1995-11-15,2938.0748
1995-11-22,2935.0804
1995-11-29,2901.7398
1995-12-06,2940.3773
1995-12-13,2933.4350
1995-12-20,2966.3212
1995-12-27,2968.2532
1996-01-03,3001.1190
1996-01-10,2976.1566
1996-01-17,2985.2742
1996-01-24,2949.1698
1996-01-31,2963.6915
1996-02-07,2945.1573
1996-02-14,2952.5293
1996-02-21,2971.6704
1996-02-28,2959.7494
1996-03-06,2953.7271
1996-03-13,2963.9628
1996-03-20,2963.0558
1996-03-27,2971.9324
1996-04-03,2967.5753
1996-04-10,2983.5405
1996-04-17,2968.8148
1996-04-24,2996.0559
1996-05-01,2988.5345
1996-05-08,3001.6914
1996-05-15,2998.0856
1996-05-22,2987.0833
1996-05-29,2964.7837
1996-06-05,2997.8391
1996-06-12,2983.5909
1996-06-19,2992.0622
1996-06-26,2994.3672
1996-07-03,2982.5466
1996-07-10,2980.6144
1996-07-17,3002.3632
1996-07-24,3003.6106
1996-07-31,3014.1325
1996-08-07,2982.3466
1996-08-14,2993.6299
1996-08-21,2991.5752
1996-08-28,2981.5188
1996-09-04,3008.0763
1996-09-11,2997.2020
1996-09-18,3014.9524
1996-09-25,3018.1161
1996-10-02,3020.9372
1996-10-09,3006.1377
1996-10-16,3034.5983
1996-10-23,3023.4942
1996-10-30,2991.0123
1996-11-06,3018.3883
1996-11-13,3044.2500
1996-11-20,3023.4229
1996-11-27,3051.6864
1996-12-04,3046.5992
1996-12-11,3041.2722
1996-12-18,3042.2315
1996-12-25,3059.9326
1997-01-01,3049.0176
1997-01-08,3049.9074
1997-01-15,3036.0671
1997-01-22,3080.8258
1997-01-29,3057.7019
1997-02-05,3077.6678
1997-02-12,3077.3851
1997-02-19,3091.6746
1997-02-26,3087.3723
1997-03-05,3097.7651
1997-03-12,3102.2941
1997-03-19,3095.1887
1997-03-26,3119.9581
1997-04-02,3112.2446
1997-04-09,3120.2301
1997-04-16,3123.2332
1997-04-23,3140.9258
1997-04-30,3143.8406
1997-05-07,3146.7388
1997-05-14,3140.7524
1997-05-21,3166.7577
1997-05-28,3163.5658
1997-06-04,3132.2618
1997-06-11,3141.0689
1997-06-18,3132.8915
1997-06-25,3145.8302
1997-07-02,3130.4337
1997-07-09,3137.3056
1997-07-16,3160.0502
1997-07-23,3166.3315
1997-07-30,3165.2525
1997-08-06,3172.5704
1997-08-13,3161.9180
1997-08-20,3194.3354
1997-08-27,3188.8459
1997-09-03,3202.3653
1997-09-10,3175.5472
1997-09-17,3198.7604
1997-09-24,3192.0598
1997-10-01,3232.8889
1997-10-08,3212.4979
1997-10-15,3234.9789
1997-10-22,3228.4265
1997-10-29,3222.8572
1997-11-05,3237.1836
1997-11-12,3278.2775
1997-11-19,3234.3312
1997-11-26,3282.2423
1997-12-03,3261.5220
1997-12-10,3269.7915
1997-12-17,3254.2451
1997-12-24,3277.2056
1997-12-31,3278.3556
1998-01-07,3287.1586
1998-01-14,3286.1270
1998-01-21,3309.4095
1998-01-28,3298.3581
1998-02-04,3298.1597
1998-02-11,3313.4850
1998-02-18,3335.6766
1998-02-25,3325.3032
1998-03-04,3346.3081
1998-03-11,3358.5690
1998-03-18,3365.0714
1998-03-25,3380.4683
1998-04-01,3410.1790
1998-04-08,3378.1548
1998-04-15,3405.0164
1998-04-22,3378.6382
1998-04-29,3351.0819
1998-05-06,3366.6767
1998-05-13,3368.2224
1998-05-20,3377.3864
1998-05-27,3390.8413
1998-06-03,3363.1321
1998-06-10,3396.7875
1998-06-17,3384.7944
1998-06-24,3402.1460
1998-07-01,3425.3132
1998-07-08,3378.3462
1998-07-15,3424.2369
1998-07-22,3405.8526
1998-07-29,3409.5025
1998-08-05,3417.3768
1998-08-12,3431.7931
1998-08-19,3411.2139
1998-08-26,3442.6564
1998-09-02,3447.1649
1998-09-09,3465.2851
1998-09-16,3452.5023
1998-09-23,3456.3461
1998-09-30,3493.4373
1998-10-07,3489.8893
1998-10-14,3507.2555
1998-10-21,3533.3224
1998-10-28,3543.8041
1998-11-04,3549.1909
1998-11-11,3555.9832
1998-11-18,3548.7125
1998-11-25,3563.0766
1998-12-02,3562.6307
1998-12-09,3569.1040
1998-12-16,3562.2026
1998-12-23,3570.5256
1998-12-30,3556.7058
1999-01-06,3568.1595
1999-01-13,3574.5722
1999-01-20,3587.8403
1999-01-27,3571.9380
1999-02-03,3579.8752
1999-02-10,3586.6173
1999-02-17,3583.7538
1999-02-24,3571.5207
1999-03-03,3569.1648
1999-03-10,3565.6420
1999-03-17,3553.2252
1999-03-24,3578.6921
1999-03-31,3570.8747
1999-04-07,3565.5216
1999-04-14,3576.4166
1999-04-21,3570.2118
1999-04-28,3596.2467
1999-05-05,3590.2884
1999-05-12,3600.2029
1999-05-19,3609.2027
1999-05-26,3609.5740
1999-06-02,3628.1122
1999-06-09,3626.3289
1999-06-16,3634.9400
1999-06-23,3682.6425
1999-06-30,3653.6517
1999-07-07,3663.7835
1999-07-14,3655.8440
1999-07-21,3642.7117
1999-07-28,3629.9849
1999-08-04,3617.8028
1999-08-11,3642.8557
1999-08-18,3630.9895
1999-08-25,3653.5480
1999-09-01,3646.9386
1999-09-08,3656.8865
1999-09-15,3666.1267
1999-09-22,3688.2683
1999-09-29,3670.4546
1999-10-06,3661.5691
1999-10-13,3665.7444
1999-10-20,3679.6476
1999-10-27,3695.3630
1999-11-03,3690.3678
1999-11-10,3694.9934
1999-11-17,3712.6597
1999-11-24,3754.2180
1999-12-01,3765.3949
1999-12-08,3767.1846
1999-12-15,3797.8706
1999-12-22,3825.6853
1999-12-29,3818.0010
2000-01-05,3784.9643
2000-01-12,3810.3503
2000-01-19,3812.1557
2000-01-26,3827.8066
2000-02-02,3834.5750
2000-02-09,3846.5584
2000-02-16,3840.2564
2000-02-23,3873.1596
2000-03-01,3889.1186
2000-03-08,3899.9697
2000-03-15,3916.5861
2000-03-22,3918.8298
2000-03-29,3894.6350
2000-04-05,3910.7219
2000-04-12,3915.7906
2000-04-19,3932.3104
2000-04-26,3959.0834
2000-05-03,3965.2189
2000-05-10,3970.0505
2000-05-17,3980.9925
2000-05-24,3981.0000
2000-05-31,4003.3846
2000-06-07,3990.0197
2000-06-14,4000.3410
2000-06-21,4033.5940
2000-06-28,4021.3109
2000-07-05,4041.8530
2000-07-12,4032.9594
2000-07-19,4051.1884
2000-07-26,4065.1747
2000-08-02,4043.1709
2000-08-09,4052.8187
2000-08-16,4054.2325
2000-08-23,4077.7925
2000-08-30,4045.8618
2000-09-06,4069.1820
2000-09-13,4040.2217
2000-09-20,4101.3395
2000-09-27,4061.1703
2000-10-04,4071.9782
2000-10-11,4078.6865
2000-10-18,4077.6219
2000-10-25,4077.2599
2000-11-01,4091.1701
2000-11-08,4060.8551
2000-11-15,4077.3185
2000-11-22,4095.5397
2000-11-29,4080.6121
2000-12-06,4104.2063
2000-12-13,4112.5595
2000-12-20,4125.0720
2000-12-27,4146.2052
2001-01-03,4169.5665
2001-01-10,4171.2087
2001-01-17,4179.8924
2001-01-24,4169.7088
2001-01-31,4187.5405
2001-02-07,4155.0489
2001-02-14,4145.3705
2001-02-21,4164.2177
2001-02-28,4210.4900
2001-03-07,4190.1961
2001-03-14,4200.4655
2001-03-21,4238.2361
2001-03-28,4215.2867
2001-04-04,4243.8577
2001-04-11,4249.0872
2001-04-18,4267.6293
2001-04-25,4265.3682
2001-05-02,4266.6105
2001-05-09,4264.8855
2001-05-16,4245.5122
2001-05-23,4245.5543
2001-05-30,4256.0660
2001-06-06,4250.0828
2001-06-13,4252.5246
2001-06-20,4247.5098
2001-06-27,4249.9500
2001-07-04,4263.2819
2001-07-11,4255.9517
2001-07-18,4266.1673
2001-07-25,4291.3174
2001-08-01,4313.8744
2001-08-08,4281.7182
2001-08-15,4275.4325
2001-08-22,4290.9813
2001-08-29,4290.1055
2001-09-05,4328.2154
2001-09-12,4704.8482
2001-09-19,4467.8136
2001-09-26,4383.9103
2001-10-03,4381.4474
2001-10-10,4378.9062
2001-10-17,4354.5591
2001-10-24,4365.8783
2001-10-31,4413.5092
2001-11-07,4389.1540
2001-11-14,4410.2195
2001-11-21,4389.0041
2001-11-28,4348.1425
2001-12-05,4379.3187
2001-12-12,4381.3740
2001-12-19,4343.6360
2001-12-26,4366.0773
2002-01-02,4348.2243
2002-01-09,4366.0607
2002-01-16,4325.9292
2002-01-23,4351.9395
2002-01-30,4310.2670
2002-02-06,4329.1648
2002-02-13,4319.0441
2002-02-20,4332.2308
2002-02-27,4313.6437
2002-03-06,4292.9230
2002-03-13,4279.1277
2002-03-20,4300.6481
2002-03-27,4312.7673
2002-04-03,4315.7193
2002-04-10,4313.1015
2002-04-17,4314.0585
2002-04-24,4306.5342
2002-05-01,4322.8926
2002-05-08,4278.4337
2002-05-15,4316.5035
2002-05-22,4317.2058
2002-05-29,4324.2321
2002-06-05,4311.1467
2002-06-12,4322.4546
2002-06-19,4328.4488
2002-06-26,4355.0412
2002-07-03,4284.4163
2002-07-10,4323.6012
2002-07-17,4324.7803
2002-07-24,4370.9179
2002-07-31,4375.2027
2002-08-07,4378.4633
2002-08-14,4412.1712
2002-08-21,4425.2917
2002-08-28,4423.1046
2002-09-04,4482.9658
2002-09-11,4420.2185
2002-09-18,4463.9884
2002-09-25,4464.5477
2002-10-02,4520.8282
2002-10-09,4505.0850
2002-10-16,4547.0513
2002-10-23,4542.0676
2002-10-30,4560.8454
2002-11-06,4594.5006
2002-11-13,4631.3432
2002-11-20,4595.7989
2002-11-27,4636.7429
2002-12-04,4622.4222
2002-12-11,4665.8041
2002-12-18,4669.2552
2002-12-25,4703.6846
2003-01-01,4650.5178
2003-01-08,4639.6530
2003-01-15,4635.0136
2003-01-22,4644.1190
2003-01-29,4636.2714
2003-02-05,4686.6429
2003-02-12,4689.6555
2003-02-19,4728.1968
2003-02-26,4723.3545
2003-03-05,4766.3606
2003-03-12,4771.1560
2003-03-19,4739.4748
2003-03-26,4720.0869
2003-04-02,4752.0788
2003-04-09,4726.8921
2003-04-16,4758.6079
2003-04-23,4762.5281
2003-04-30,4816.4740
2003-05-07,4830.0070
2003-05-14,4852.8126
2003-05-21,4839.8052
2003-05-28,4859.2414
2003-06-04,4871.2655
2003-06-11,4907.3952
2003-06-18,4868.9466
2003-06-25,4911.0502
2003-07-02,4960.1881
2003-07-09,4954.0634
2003-07-16,4929.4786
2003-07-23,4948.9330
2003-07-30,4937.9262
2003-08-06,4958.5237
2003-08-13,4927.1227
2003-08-20,4919.1991
2003-08-27,4873.4341
2003-09-03,4941.1690
2003-09-10,4897.5615
2003-09-17,4886.5645
2003-09-24,4844.7060
2003-10-01,4931.5199
2003-10-08,4842.5732
2003-10-15,4895.5661
2003-10-22,4870.5397
2003-10-29,4855.6217
2003-11-05,4860.6594
2003-11-12,4919.2536
2003-11-19,4882.6069
2003-11-26,4885.1192
2003-12-03,4857.2935
2003-12-10,4875.3932
2003-12-17,4917.4912
2003-12-24,4927.3600
2003-12-31,4921.8697
2004-01-07,4919.3725
2004-01-14,4943.4669
2004-01-21,4967.5604
2004-01-28,4993.7629
2004-02-04,5010.0801
2004-02-11,5061.5642
2004-02-18,5136.7473
2004-02-25,5006.2330
2004-03-03,5046.8027
2004-03-10,5062.8944
2004-03-17,5082.2837
2004-03-24,5100.2146
2004-03-31,5131.4764
2004-04-07,5127.6169
2004-04-14,5161.5671
2004-04-21,5144.7770
2004-04-28,5132.2637
2004-05-05,5122.8630
2004-05-12,5156.8573
2004-05-19,5150.7805
2004-05-26,5141.0014
2004-06-02,5157.3531
2004-06-09,5169.2272
2004-06-16,5189.7685
2004-06-23,5230.9016
2004-06-30,5246.4787
2004-07-07,5289.7425
2004-07-14,5281.1600
2004-07-21,5285.5208
2004-07-28,5265.1230
2004-08-04,5275.2860
2004-08-11,5289.0892
2004-08-18,5288.6161
2004-08-25,5278.9314
2004-09-01,5293.7371
2004-09-08,5311.7320
2004-09-15,5364.0053
2004-09-22,5360.6752
2004-09-29,5327.1066
2004-10-06,5307.2516
2004-10-13,5331.5674
2004-10-20,5344.2054
2004-10-27,5311.3172
2004-11-03,5314.3576
2004-11-10,5323.7331
2004-11-17,5267.6296
2004-11-24,5331.9232
2004-12-01,5335.6098
2004-12-08,5351.8150
2004-12-15,5370.4060
2004-12-22,5377.3095
2004-12-29,5357.0020
2005-01-05,5364.2448
2005-01-12,5363.2993
2005-01-19,5394.5940
2005-01-26,5378.9827
2005-02-02,5407.2851
2005-02-09,5389.4831
2005-02-16,5395.4276
2005-02-23,5461.0972
2005-03-02,5452.7301
2005-03-09,5442.0190
2005-03-16,5494.0581
2005-03-23,5513.4980
2005-03-30,5494.7647
2005-04-06,5469.4509
2005-04-13,5492.5573
2005-04-20,5512.7456
2005-04-27,5500.5392
2005-05-04,5488.0540
2005-05-11,5515.7695
2005-05-18,5514.4605
2005-05-25,5542.2949
2005-06-01,5583.8727
2005-06-08,5587.2409
2005-06-15,5528.2355
2005-06-22,5563.9032
2005-06-29,5527.7967
2005-07-06,5544.3028
2005-07-13,5538.3318
2005-07-20,5573.5658
2005-07-27,5569.1029
2005-08-03,5591.5393
2005-08-10,5585.5987
2005-08-17,5587.2407
2005-08-24,5623.6268
2005-08-31,5633.6078
2005-09-07,5622.5943
2005-09-14,5630.2534
2005-09-21,5643.7162
2005-09-28,5656.2603
2005-10-05,5639.6489
2005-10-12,5677.7034
2005-10-19,5664.1635
2005-10-26,5667.7768
2005-11-02,5668.2480
2005-11-09,5642.4549
2005-11-16,5665.5086
2005-11-23,5697.4804
2005-11-30,5670.1200
2005-12-07,5684.8991
2005-12-14,5694.1872
2005-12-21,5729.9101
2005-12-28,5729.1694
2006-01-04,5742.2109
2006-01-11,5716.8931
2006-01-18,5751.7422
2006-01-25,5752.0827
2006-02-01,5780.3207
2006-02-08,5759.4872
2006-02-15,5808.5709
2006-02-22,5803.6849
2006-03-01,5843.2910
2006-03-08,5798.3900
2006-03-15,5839.3066
2006-03-22,5843.1965
2006-03-29,5859.0612
2006-04-05,5866.2812
2006-04-12,5910.7728
2006-04-19,5918.9218
2006-04-26,5950.5567
2006-05-03,5951.5371
2006-05-10,5977.7421
2006-05-17,5966.2041
2006-05-24,5994.9054
2006-05-31,5999.6917
2006-06-07,5980.1789
2006-06-14,6000.6829
2006-06-21,5983.4862
2006-06-28,5980.8632
2006-07-05,6000.5494
2006-07-12,6020.7262
2006-07-19,6059.9195
2006-07-26,6033.7172
2006-08-02,6013.6428
2006-08-09,6009.8539
2006-08-16,6004.0711
2006-08-23,6047.7418
2006-08-30,6027.7408
2006-09-06,6025.7364
2006-09-13,6016.4158
2006-09-20,6045.6775
2006-09-27,6058.3315
2006-10-04,6246.6850
2006-10-11,6285.0565
2006-10-18,6212.7893
2006-10-25,6225.3166
2006-11-01,6256.8521
2006-11-08,6227.7624
2006-11-15,6250.3604
2006-11-22,6303.6155
2006-11-29,6294.8010
2006-12-06,6324.3319
2006-12-13,6313.4155
2006-12-20,6350.4082
2006-12-27,6371.6033
2007-01-03,6366.0635
2007-01-10,6346.2950
2007-01-17,6352.3911
2007-01-24,6358.8212
2007-01-31,6383.0041
2007-02-07,6346.6180
2007-02-14,6382.4384
2007-02-21,6405.0426
2007-02-28,6453.3664
2007-03-07,6423.9168
2007-03-14,6433.3701
2007-03-21,6420.3489
2007-03-28,6464.1318
2007-04-04,6457.4286
2007-04-11,6471.8790
2007-04-18,6476.4095
2007-04-25,6498.4639
2007-05-02,6494.8769
2007-05-09,6507.3134
2007-05-16,6495.7830
2007-05-23,6526.0808
2007-05-30,6547.4044
2007-06-06,6535.1755
2007-06-13,6541.2639
2007-06-20,6580.0902
2007-06-27,6576.3551
2007-07-04,6585.7239
2007-07-11,6568.0886
2007-07-18,6593.8174
2007-07-25,6620.4244
2007-08-01,6626.6283
2007-08-08,6609.0169
2007-08-15,6706.2446
2007-08-22,6739.0831
2007-08-29,6745.0345
2007-09-05,6758.3344
2007-09-12,6808.0084
2007-09-19,6760.2988
2007-09-26,6793.7657
2007-10-03,6768.3553
2007-10-10,6820.7543
2007-10-17,6823.8625
2007-10-24,6906.7105
2007-10-31,6919.9148
2007-11-07,6926.0809
2007-11-14,6952.8181
2007-11-21,7000.8443
2007-11-28,6990.9392
2007-12-05,7030.3783
2007-12-12,6971.7867
2007-12-19,6997.6742
2007-12-26,7011.0997
2008-01-02,7068.8711
2008-01-09,7026.6089
2008-01-16,7024.5049
2008-01-23,7119.5120
2008-01-30,7113.2527
2008-02-06,7107.0583
2008-02-13,7110.6567
2008-02-20,7143.3595
2008-02-27,7140.8053
2008-03-05,7163.3979
2008-03-12,7212.6124
2008-03-19,7274.5690
2008-03-26,7253.3940
2008-04-02,7218.9972
2008-04-09,7210.9530
2008-04-16,7174.9442
2008-04-23,7233.4945
2008-04-30,7241.3937
2008-05-07,7196.8018
2008-05-14,7165.6319
2008-05-21,7207.4329
2008-05-28,7197.1506
2008-06-04,7180.2627
2008-06-11,7149.5108
2008-06-18,7182.9067
2008-06-25,7182.1213
2008-07-02,7208.5290
2008-07-09,7225.8448
2008-07-16,7251.6314
2008-07-23,7210.6417
2008-07-30,7236.1584
2008-08-06,7194.6337
2008-08-13,7206.7465
2008-08-20,7216.3223
2008-08-27,7211.8773
2008-09-03,7223.7538
2008-09-10,7208.7831
2008-09-17,7448.1266
2008-09-24,7457.9216
2008-10-01,7885.2923
2008-10-08,7888.2892
2008-10-15,7941.5075
2008-10-22,8024.2342
2008-10-29,8043.6983
2008-11-05,7960.7096
2008-11-12,8016.0947
2008-11-19,7957.4963
2008-11-26,8046.5425
2008-12-03,8167.1619
2008-12-10,8208.4185
2008-12-17,8222.9607
2008-12-24,8176.9324
2008-12-31,8080.3269
2009-01-07,8039.7131
2009-01-14,8089.0419
2009-01-21,8078.8548
2009-01-28,7962.9400
2009-02-04,7932.1571
2009-02-11,7906.2231
2009-02-18,7945.4062
2009-02-25,7936.7443
2009-03-04,7938.1904
2009-03-11,7956.7960
2009-03-18,7938.5990
2009-03-25,7964.8424
2009-04-01,7943.3946
2009-04-08,7870.0690
2009-04-15,7916.0549
2009-04-22,7911.9385
2009-04-29,7959.2906
2009-05-06,8000.4621
2009-05-13,8004.2132
2009-05-20,8007.8195
2009-05-27,7963.5774
2009-06-03,7985.7423
2009-06-10,8030.7908
2009-06-17,7975.2146
2009-06-24,7973.7515
2009-07-01,7944.4585
2009-07-08,7901.5797
2009-07-15,7846.6425
2009-07-22,7802.8595
2009-07-29,7742.5295
2009-08-05,7722.9012
2009-08-12,7745.8456
2009-08-19,7721.4750
2009-08-26,7721.5620
2009-09-02,7700.6910
2009-09-09,7703.9696
2009-09-16,7711.8681
2009-09-23,7717.4285
2009-09-30,7634.5772
2009-10-07,7650.7193
2009-10-14,7685.6945
2009-10-21,7685.5978
2009-10-28,7645.9856
2009-11-04,7721.3231
2009-11-11,7676.6611
2009-11-18,7660.1906
2009-11-25,7709.4132
2009-12-02,7694.6004
2009-12-09,7674.3939
2009-12-16,7682.4505
2009-12-23,7652.3405
2009-12-30,7602.1252
2010-01-06,7658.3103
2010-01-13,7642.8494
2010-01-20,7633.5301
2010-01-27,7676.4750
2010-02-03,7668.6215
2010-02-10,7702.2662
2010-02-17,7715.3540
2010-02-24,7668.4069
2010-03-03,7701.1279
2010-03-10,7702.0864
2010-03-17,7665.8206
2010-03-24,7643.4815
2010-03-31,7904.2905
2010-04-07,7986.1521
2010-04-14,7952.2966
2010-04-21,7928.1582
2010-04-28,7916.4311
2010-05-05,7927.3094
2010-05-12,7937.4165
2010-05-19,7930.0526
2010-05-26,7901.9118
2010-06-02,7846.8983
2010-06-09,7864.1244
2010-06-16,7845.3487
2010-06-23,7859.3478
2010-06-30,7806.7789
2010-07-07,7838.9591
2010-07-14,7849.8010
2010-07-21,7853.4221
2010-07-28,7839.5869
2010-08-04,7858.1228
2010-08-11,7841.6068
2010-08-18,7827.0324
2010-08-25,7856.3895
2010-09-01,7837.7628
2010-09-08,7848.4793
2010-09-15,7824.1968
2010-09-22,7818.1868
2010-09-29,7803.0383
2010-10-06,7870.4170
2010-10-13,7870.5432
2010-10-20,7900.1389
2010-10-27,7878.3784
2010-11-03,7862.9234
2010-11-10,7862.5528
2010-11-17,7866.8982
2010-11-24,7841.2041
2010-12-01,7834.4334
2010-12-08,7851.4360
2010-12-15,7805.4486
2010-12-22,7785.4188
2010-12-29,7759.4031
2011-01-05,7753.7248
2011-01-12,7790.4906
2011-01-19,7720.2794
2011-01-26,7713.0790
2011-02-02,7684.4578
2011-02-09,7741.3455
2011-02-16,7723.9915
2011-02-23,7786.7087
2011-03-02,7765.4632
2011-03-09,7788.1532
2011-03-16,7743.2884
2011-03-23,7767.9002
2011-03-30,7798.9465
2011-04-06,7783.2530
2011-04-13,7794.7327
2011-04-20,7806.8846
2011-04-27,7771.2790
2011-05-04,7799.5024
2011-05-11,7790.8056
2011-05-18,7744.3412
2011-05-25,7773.0600
2011-06-01,7826.7101
2011-06-08,7812.8281
2011-06-15,7805.5771
2011-06-22,7866.6268
2011-06-29,7882.3946
2011-07-06,7874.7617
2011-07-13,7879.4771
2011-07-20,7869.7066
2011-07-27,7927.0006
2011-08-03,7965.9556
2011-08-10,7975.5272
2011-08-17,7941.6556
2011-08-24,7904.3123
2011-08-31,7918.5877
2011-09-07,7911.9641
2011-09-14,7945.7826
2011-09-21,7930.5324
2011-09-28,7976.9634
2011-10-05,7976.0783
2011-10-12,7922.1267
2011-10-19,7908.3578
2011-10-26,7913.8661
2011-11-02,7935.1219
2011-11-09,7939.0391
2011-11-16,7937.3778
2011-11-23,7963.9226
2011-11-30,7951.9035
2011-12-07,7964.7079
2011-12-14,7985.4463
2011-12-21,7921.2081
2011-12-28,7950.6304
2012-01-04,7963.2546
2012-01-11,7992.9006
2012-01-18,7965.6752
2012-01-25,7991.9879
2012-02-01,8027.7240
2012-02-08,8013.7172
2012-02-15,8041.0293
2012-02-22,7996.4590
2012-02-29,8048.8998
2012-03-07,8000.8278
2012-03-14,8003.5596
2012-03-21,7960.4205
2012-03-28,7953.6154
2012-04-04,8054.6384
2012-04-11,8033.8257
2012-04-18,7970.6426
2012-04-25,8000.6770
2012-05-02,7995.7700
2012-05-09,7993.0778
2012-05-16,8027.2688
2012-05-23,8055.8385
2012-05-30,8040.4718
2012-06-06,8098.5016
2012-06-13,8110.5251
2012-06-20,8051.3728
2012-06-27,8079.6937
2012-07-04,8116.0309
2012-07-11,8132.1335
2012-07-18,8118.8555
2012-07-25,8166.9613
2012-08-01,8129.5482
2012-08-08,8125.0015
2012-08-15,8110.1683
2012-08-22,8106.4996
2012-08-29,8099.1521
2012-09-05,8153.6705
2012-09-12,8117.5552
2012-09-19,8116.0912
2012-09-26,8138.5796
2012-10-03,8136.7913
2012-10-10,8135.1313
2012-10-17,8138.5259
2012-10-24,8137.2597
2012-10-31,8254.2411
2012-11-07,8252.8782
2012-11-14,8295.4551
2012-11-21,8224.2229
2012-11-28,8228.2988
2012-12-05,8281.5951
2012-12-12,8257.9822
2012-12-19,8296.2394
2012-12-26,8361.4045
2013-01-02,8340.5094
2013-01-09,8296.2543
2013-01-16,8260.5598
2013-01-23,8265.7123
2013-01-30,8280.1060
2013-02-06,8307.6084
2013-02-13,8323.7994
2013-02-20,8294.7482
2013-02-27,8315.9167
2013-03-06,8329.9298
2013-03-13,8343.4861
2013-03-20,8348.6829
2013-03-27,8410.3756
2013-04-03,8421.8522
2013-04-10,8421.7869
2013-04-17,8431.9711
2013-04-24,8379.8749
2013-05-01,8433.0303
2013-05-08,8402.3618
2013-05-15,8449.8431
2013-05-22,8434.8022
2013-05-29,8430.6698
2013-06-05,8483.0313
2013-06-12,8465.2287
2013-06-19,8420.2216
2013-06-26,8446.8734
2013-07-03,8441.6095
2013-07-10,8465.5192
2013-07-17,8485.8453
2013-07-24,8469.9603
2013-07-31,8472.3030
2013-08-07,8472.9389
2013-08-14,8481.3210
2013-08-21,8454.4374
2013-08-28,8462.1488
2013-09-04,8470.6296
2013-09-11,8462.2003
2013-09-18,8532.2663
2013-09-25,8516.7971
2013-10-02,8578.2945
2013-10-09,8547.7217
2013-10-16,8659.6576
2013-10-23,8617.1066
2013-10-30,8606.6077
2013-11-06,8567.1049
2013-11-13,8585.2257
2013-11-20,8594.7463
2013-11-27,8661.9992
2013-12-04,8622.2909
2013-12-11,8636.3257
2013-12-18,8622.3408
2013-12-25,8692.4435
2014-01-01,8670.8972
2014-01-08,8671.8129
2014-01-15,8689.6977
2014-01-22,8722.1767
2014-01-29,8722.6646
2014-02-05,8745.4964
2014-02-12,8729.0353
2014-02-19,8761.0170
2014-02-26,8688.2464
2014-03-05,8732.0122
2014-03-12,8708.8425
2014-03-19,8735.9711
2014-03-26,8748.5223
2014-04-02,8751.9670
2014-04-09,8791.4160
2014-04-16,8799.8807
2014-04-23,8824.7386
2014-04-30,8899.2450
2014-05-07,8873.1024
2014-05-14,8870.2861
2014-05-21,8885.4330
2014-05-28,8897.2719
2014-06-04,8903.6356
2014-06-11,8923.9277
2014-06-18,8919.9406
2014-06-25,9000.9891
2014-07-02,8965.4513
2014-07-09,8996.5030
2014-07-16,9012.5721
2014-07-23,9038.7639
2014-07-30,9013.8951
2014-08-06,9035.1088
2014-08-13,9019.0467
2014-08-20,9059.2381
2014-08-27,9056.7180
2014-09-03,9128.0825
2014-09-10,9111.4852
2014-09-17,9153.8666
2014-09-24,9178.5542
2014-10-01,9143.9881
2014-10-08,9122.6902
2014-10-15,9182.9176
2014-10-22,9184.5996
2014-10-29,9136.6903
2014-11-05,9185.2063
2014-11-12,9232.2397
2014-11-19,9205.3344
2014-11-26,9316.2746
2014-12-03,9277.3653
2014-12-10,9317.6831
2014-12-17,9318.8557
2014-12-24,9350.1387
2014-12-31,9346.1264
2015-01-07,9510.1649
2015-01-14,9512.5585
2015-01-21,9545.8868
2015-01-28,9550.3385
2015-02-04,9593.9562
2015-02-11,9566.7374
2015-02-18,9561.9194
2015-02-25,9556.5955
2015-03-04,9581.6855
2015-03-11,9614.9945
2015-03-18,9623.0452
2015-03-25,9601.7319
2015-04-01,9677.6140
2015-04-08,9627.0599
2015-04-15,9658.4643
2015-04-22,9631.8466
2015-04-29,9635.4635
2015-05-06,9649.8975
2015-05-13,9651.1073
2015-05-20,9602.0528
2015-05-27,9628.3669
2015-06-03,9587.0820
2015-06-10,9594.1482
2015-06-17,9632.4908
2015-06-24,9601.8644
2015-07-01,9619.1920
2015-07-08,9602.2698
2015-07-15,9649.7788
2015-07-22,9642.5681
2015-07-29,9612.2826
2015-08-05,9633.6128
2015-08-12,9644.8226
2015-08-19,9684.8541
2015-08-26,9733.6876
2015-09-02,9644.3654
2015-09-09,9660.0518
2015-09-16,9624.8290
2015-09-23,9645.4314
2015-09-30,9674.7028
2015-10-07,9663.4755
2015-10-14,9676.1312
2015-10-21,9717.9083
2015-10-28,9748.1769
2015-11-04,9759.9760
2015-11-11,9753.4427
2015-11-18,9736.1811
2015-11-25,9758.1444
2015-12-02,9731.8588
2015-12-09,9760.8132
2015-12-16,9739.2133
2015-12-23,9744.7367
2015-12-30,9694.0910
2016-01-06,9787.5196
2016-01-13,9782.1132
2016-01-20,9831.4829
2016-01-27,9817.0589
2016-02-03,9855.6510
2016-02-10,9883.7654
2016-02-17,9874.5284
2016-02-24,9869.5786
2016-03-02,9897.6639
2016-03-09,9881.6528
2016-03-16,9884.1588
2016-03-23,9912.9484
2016-03-30,9906.7253
2016-04-06,9967.5250
2016-04-13,9993.9266
2016-04-20,10007.3571
2016-04-27,9993.6317
2016-05-04,10051.6938
2016-05-11,10041.9796
2016-05-18,10009.2863
2016-05-25,10032.6146
2016-06-01,10063.3825
2016-06-08,10108.9332
2016-06-15,10113.6284
2016-06-22,10115.3752
2016-06-29,10079.9206
2016-07-06,10159.2183
2016-07-13,10115.3996
2016-07-20,10107.0980
2016-07-27,10111.9534
2016-08-03,10144.7281
2016-08-10,10140.3037
2016-08-17,10168.6697
2016-08-24,10161.9282
2016-08-31,10165.2360
2016-09-07,10197.0457
2016-09-14,10236.8623
2016-09-21,10179.5047
2016-09-28,10181.5682
2016-10-05,10246.0495
2016-10-12,10250.0501
2016-10-19,10209.0029
2016-10-26,10210.8604
2016-11-02,10208.1574
2016-11-09,10225.4720
2016-11-16,10244.6649
2016-11-23,10208.6858
2016-11-30,10211.3036
2016-12-07,10226.5315
2016-12-14,10257.3908
2016-12-21,10206.0772
2016-12-28,10206.8874
2017-01-04,10242.7359
2017-01-11,10209.4196
2017-01-18,10227.2912
2017-01-25,10224.9284
2017-02-01,10258.6267
2017-02-08,10243.3706
2017-02-15,10259.9529
2017-02-22,10254.7807
2017-03-01,10308.8889
2017-03-08,10276.9952
2017-03-15,10334.7093
2017-03-22,10286.7746
2017-03-29,10265.5049
2017-04-05,10278.9305
2017-04-12,10268.8554
2017-04-19,10278.7768
2017-04-26,10267.6109
2017-05-03,10246.7375
2017-05-10,10280.6311
2017-05-17,10319.8340
2017-05-24,10352.9630
2017-05-31,10304.5128
2017-06-07,10314.0743
2017-06-14,10308.3506
2017-06-21,10328.0589
2017-06-28,10305.9450
2017-07-05,10341.3718
2017-07-12,10325.4451
2017-07-19,10350.4711
2017-07-26,10386.0880
2017-08-02,10378.7290
2017-08-09,10366.7958
2017-08-16,10381.5338
2017-08-23,10367.8263
2017-08-30,10354.2838
2017-09-06,10371.1231
2017-09-13,10365.8006
2017-09-20,10406.1906
2017-09-27,10396.5306
2017-10-04,10379.6644
2017-10-11,10405.8681
2017-10-18,10385.4806
2017-10-25,10403.2070
2017-11-01,10421.9145
2017-11-08,10425.5900
2017-11-15,10399.4502
2017-11-22,10418.4422
2017-11-29,10389.4582
2017-12-06,10452.1856
2017-12-13,10440.8420
2017-12-20,10456.6411
2017-12-27,10449.0151
2018-01-03,10415.3348
2018-01-10,10396.4910
2018-01-17,10415.4386
2018-01-24,10395.4212
2018-01-31,10409.8497
2018-02-07,10371.6966
2018-02-14,10375.0746
2018-02-21,10358.0891
2018-02-28,10392.7576
2018-03-07,10343.5016
2018-03-14,10350.1348
2018-03-21,10297.5969
2018-03-28,10339.4476
2018-04-04,10310.0728
2018-04-11,10317.5989
2018-04-18,10318.4721
2018-04-25,10327.3187
2018-05-02,10316.9851
2018-05-09,10332.2200
2018-05-16,10340.0977
2018-05-23,10384.3109
2018-05-30,10394.4100
2018-06-06,10371.6623
2018-06-13,10362.9535
2018-06-20,10390.1822
2018-06-27,10402.1992
2018-07-04,10422.6656
2018-07-11,10388.3559
2018-07-18,10383.4466
2018-07-25,10395.3752
2018-08-01,10402.7076
2018-08-08,10381.5946
2018-08-15,10444.9575
2018-08-22,10434.2947
2018-08-29,10410.9819
2018-09-05,10413.8920
2018-09-12,10400.6969
2018-09-19,10421.4753
2018-09-26,10437.7469
2018-10-03,10494.8758
2018-10-10,10480.3711
2018-10-17,10491.1066
2018-10-24,10519.0926
2018-10-31,10493.2710
2018-11-07,10453.7365
2018-11-14,10489.5932
2018-11-21,10473.3552
2018-11-28,10496.7520
2018-12-05,10581.9108
2018-12-12,10497.2886
2018-12-19,10522.8506
2018-12-26,10596.5815
2019-01-02,10609.3692
2019-01-09,10551.1038
2019-01-16,10524.6435
2019-01-23,10523.9081
2019-01-30,10556.6771
2019-02-06,10570.9328
2019-02-13,10580.6348
2019-02-20,10606.6877
2019-02-27,10625.3866
2019-03-06,10612.1014
2019-03-13,10643.8499
2019-03-20,10695.9505
2019-03-27,10700.8946
2019-04-03,10694.7606
2019-04-10,10706.6517
2019-04-17,10708.6070
2019-04-24,10700.5283
2019-05-01,10696.1320
2019-05-08,10721.1380
2019-05-15,10811.9772
2019-05-22,10700.6377
2019-05-29,10710.5492
2019-06-05,10787.9875
2019-06-12,10802.7785
2019-06-19,10814.0062
2019-06-26,10835.3799
2019-07-03,10807.5568
2019-07-10,10789.5807
2019-07-17,10840.5932
2019-07-24,10830.1639
2019-07-31,10824.0552
2019-08-07,10906.2975
2019-08-14,10886.6685
2019-08-21,10855.7109
2019-08-28,10871.2752
2019-09-04,10891.8544
2019-09-11,10865.7578
2019-09-18,10841.3946
2019-09-25,10887.4768
2019-10-02,10927.6767
2019-10-09,10958.9539
2019-10-16,10982.5931
2019-10-23,10957.7875
2019-10-30,10942.5076
2019-11-06,10992.1224
2019-11-13,10992.1604
2019-11-20,10991.5102
2019-11-27,10983.9980
2019-12-04,10991.3613
2019-12-11,11033.7443
2019-12-18,10987.3971
2019-12-25,10966.5768
2020-01-01,10956.3409
2020-01-08,10991.8597
2020-01-15,11036.5822
2020-01-22,11028.4261
2020-01-29,11034.3150
2020-02-05,11058.0669
2020-02-12,11051.8477
2020-02-19,11147.6862
2020-02-26,11115.9625
2020-03-04,11268.4389
2020-03-11,11321.5044
2020-03-18,11644.5259
2020-03-25,12028.7132
2020-04-01,12058.3885
2020-04-08,12054.0544
2020-04-15,12299.1654
2020-04-22,12369.3556
2020-04-29,12396.2672
2020-05-06,12474.1142
2020-05-13,12475.0492
2020-05-20,12526.0603
2020-05-27,12526.0230
2020-06-03,12569.2768
2020-06-10,12622.0975
2020-06-17,12630.1703
2020-06-24,12641.6476
2020-07-01,12607.3572
2020-07-08,12669.3596
2020-07-15,12669.1603
2020-07-22,12547.6504
2020-07-29,12568.1423
2020-08-05,12624.1766
2020-08-12,12597.9295
2020-08-19,12574.9155
2020-08-26,12592.5814
2020-09-02,12600.5161
2020-09-09,12618.8545
2020-09-16,12710.6682
2020-09-23,12596.6900
2020-09-30,12550.5946
2020-10-07,12582.9551
2020-10-14,12626.1889
2020-10-21,12668.3731
2020-10-28,12687.9288
2020-11-04,12724.2942
2020-11-11,12721.5575
2020-11-18,12697.3632
2020-11-25,12768.1307
2020-12-02,12769.6666
2020-12-09,12780.5350
2020-12-16,12825.2026
2020-12-23,12845.0769
2020-12-30,12808.7185
2021-01-06,12884.4300
2021-01-13,12874.4131
2021-01-20,12854.0390
2021-01-27,12890.5868
2021-02-03,12927.9997
2021-02-10,12945.6200
2021-02-17,12972.1470
2021-02-24,12932.4831
2021-03-03,12984.8460
2021-03-10,13006.1627
2021-03-17,13075.4726
2021-03-24,13078.3181
2021-03-31,13073.0571
2021-04-07,13151.6456
2021-04-14,13186.5569
2021-04-21,13250.0683
2021-04-28,13257.8735
2021-05-05,13307.5396
2021-05-12,13309.1972
2021-05-19,13269.6464
2021-05-26,13279.1608
2021-06-02,13266.3821
2021-06-09,13380.4671
2021-06-16,13317.6712
2021-06-23,13334.1632
2021-06-30,13306.0039
2021-07-07,13338.2139
2021-07-14,13375.3064
2021-07-21,13436.5141
2021-07-28,13398.1613
2021-08-04,13455.8774
2021-08-11,13448.8970
2021-08-18,13524.5163
2021-08-25,13566.9196
2021-09-01,13593.5685
2021-09-08,13552.4377
2021-09-15,13640.3980
2021-09-22,13623.9466
2021-09-29,13604.9248
2021-10-06,13673.7694
2021-10-13,13658.6350
2021-10-20,13706.5716
2021-10-27,13730.1857
2021-11-03,13753.5012
2021-11-10,13728.2711
2021-11-17,13771.9305
2021-11-24,13822.7375
2021-12-01,13860.0744
2021-12-08,13821.8826
2021-12-15,13791.8093
2021-12-22,13842.2700
2021-12-29,13830.0806
2022-01-05,13911.5002
2022-01-12,13829.5534
2022-01-19,13859.0398
2022-01-26,13822.9265
2022-02-02,13813.2394
2022-02-09,13833.4283
2022-02-16,13800.4736
2022-02-23,13847.4659
2022-03-02,13940.3804
2022-03-09,13930.5953
2022-03-16,13871.8769
2022-03-23,13836.5105
2022-03-30,13815.1616
2022-04-06,13871.5909
2022-04-13,13889.8481
2022-04-20,13756.9824
2022-04-27,13786.9940
2022-05-04,13777.6628
2022-05-11,13751.3540
2022-05-18,13751.7490
2022-05-25,13811.9660
2022-06-01,13831.8334
2022-06-08,13781.9326
2022-06-15,13786.5993
2022-06-22,13817.8471
2022-06-29,13800.2878
2022-07-06,13868.2026
2022-07-13,13846.6234
2022-07-20,13851.5130
2022-07-27,13894.0352
2022-08-03,13837.2490
2022-08-10,13838.6512
2022-08-17,13796.7367
2022-08-24,13823.6409
2022-08-31,13802.6972
2022-09-07,13738.0816
2022-09-14,13753.8032
2022-09-21,13754.5636
2022-09-28,13721.5919
2022-10-05,13645.0031
2022-10-12,13670.6055
2022-10-19,13648.8527
2022-10-26,13720.7494
2022-11-02,13667.5588
2022-11-09,13659.7625
2022-11-16,13693.6307
2022-11-23,13732.2128
2022-11-30,13669.4042
2022-12-07,13609.4839
2022-12-14,13653.4142
2022-12-21,13635.3587
2022-12-28,13582.1121
2023-01-04,13652.3647
2023-01-11,13596.9559
2023-01-18,13640.9532
2023-01-25,13628.9814
2023-02-01,13640.7640
2023-02-08,13574.5679
2023-02-15,13592.9389
2023-02-22,13578.7058
2023-03-01,13569.3629
2023-03-08,13519.8636
2023-03-15,13835.5356
2023-03-22,13791.7444
2023-03-29,13810.5589
2023-04-05,13796.3224
2023-04-12,13721.5924
2023-04-19,13764.5653
2023-04-26,13733.9637
2023-05-03,13719.2415
2023-05-10,13715.3239
2023-05-17,13722.8102
2023-05-24,13758.2052
2023-05-31,13775.3247
2023-06-07,13671.8749
2023-06-14,13675.0147
2023-06-21,13686.0750
2023-06-28,13581.1065
2023-07-05,13646.7886
2023-07-12,13580.4974
2023-07-19,13638.2756
2023-07-26,13569.4402
2023-08-02,13533.1285
2023-08-09,13515.9695
2023-08-16,13554.6722
2023-08-23,13573.3803
2023-08-30,13540.0239
2023-09-06,13600.3247
2023-09-13,13580.3785
2023-09-20,13591.2035
2023-09-27,13662.3023
2023-10-04,13669.4037
2023-10-11,13669.4709
2023-10-18,13611.7222
2023-10-25,13646.9521
2023-11-01,13712.2778
2023-11-08,13674.6795
2023-11-15,13705.3202
2023-11-22,13715.0653
2023-11-29,13688.5670
2023-12-06,13734.2365
2023-12-13,13744.8807
2023-12-20,13765.1040
2023-12-27,13831.0501
2024-01-03,13789.6357
2024-01-10,13752.6993
2024-01-17,13819.0105
2024-01-24,13794.6250
2024-01-31,13831.5565
2024-02-07,13825.0070
2024-02-14,13818.4490
2024-02-21,13748.0320
2024-02-28,13758.1363
2024-03-06,13811.7726
2024-03-13,13790.1865
2024-03-20,13777.9193
2024-03-27,13841.6480
2024-04-03,13805.7634
2024-04-10,13813.4406
2024-04-17,13734.8469
2024-04-24,13810.4265
2024-05-01,13767.7753
2024-05-08,13761.6246
2024-05-15,13825.1427
2024-05-22,13794.1595
2024-05-29,13765.9608
2024-06-05,13812.8290
2024-06-12,13820.3318
2024-06-19,13895.4535
2024-06-26,13882.4453
2024-07-03,13857.7380
2024-07-10,13864.7669
2024-07-17,13881.4959
2024-07-24,13867.7707
2024-07-31,13937.2488
2024-08-07,13881.7579
2024-08-14,13883.4710
2024-08-21,13896.1346
2024-08-28,13877.4508
2024-09-04,13910.8626
2024-09-11,13902.3768
2024-09-18,13934.1029
2024-09-25,13931.6501
2024-10-02,13967.3473
2024-10-09,13927.4324
2024-10-16,13997.9435
2024-10-23,14015.2495
2024-10-30,13989.5907
2024-11-06,13992.5971
2024-11-13,14004.7148
2024-11-20,13982.7956
2024-11-27,13979.2137
2024-12-04,13972.8650
2024-12-11,14023.1329
2024-12-18,13990.5931
2024-12-25,14050.1921
2025-01-01,13967.2064
2025-01-08,14002.1212
2025-01-15,13978.2070
2025-01-22,14059.3192
2025-01-29,14009.5827
2025-02-05,14000.3222
2025-02-12,13992.4987
2025-02-19,14084.6893
2025-02-26,14072.1422
2025-03-05,14104.8039
2025-03-12,14069.8796
2025-03-19,14066.1189
2025-03-26,14120.4569
2025-04-02,14154.2360
2025-04-09,14213.8660
2025-04-16,14199.1998
2025-04-23,14180.0371
2025-04-30,14222.8825
2025-05-07,14148.5450
2025-05-14,14153.6873
2025-05-21,14185.6016
2025-05-28,14194.6857
2025-06-04,14233.7102
2025-06-11,14295.9840
2025-06-18,14247.1812
2025-06-25,14380.5391
2025-07-02,14399.2879
2025-07-09,14394.2837
2025-07-16,14417.3465
2025-07-23,14428.2082
2025-07-30,14450.8807
2025-08-06,14426.8009
2025-08-13,14475.3325
2025-08-20,14447.5625
2025-08-27,14534.8830
2025-09-03,14507.0952
2025-09-10,14527.5126
2025-09-17,14536.2146
2025-09-24,14532.4217
2025-10-01,14572.8744
2025-10-08,14574.2489
2025-10-15,14593.6547
2025-10-22,14568.2464
2025-10-29,14537.9719
2025-11-05,14511.8991
2025-11-12,14566.5024
2025-11-19,14517.7029
2025-11-26,14577.9327
2025-12-03,14567.1741
2025-12-10,14556.0132
2025-12-17,14561.2195
2025-12-24,14588.6325
2025-12-31,14586.0957
2026-01-07,14658.9644
2026-01-14,14698.3038
2026-01-21,14697.0381
2026-01-28,14745.6819
2026-02-04,14769.9883
2026-02-11,14815.4781
2026-02-18,14835.2208
2026-02-25,14877.2570
2026-03-04,14904.5656
2026-03-11,14902.7336
2026-03-18,14927.3363
2026-03-25,14957.5400
2026-04-01,15012.8863
2026-04-08,14987.4427
2026-04-15,15097.3406
2026-04-22,15064.3055
2026-04-29,15084.7885
2026-05-06,15154.2557
2026-05-13,15176.3855
2026-05-20,15152.1601
2026-05-27,15210.2010
2026-06-03,15151.7298
2026-06-10,15211.5091
2026-06-17,15219.5239
2026-06-24,15276.7705
2026-07-01,15245.0672
2026-07-08,15172.3444
2026-07-15,15308.0543
2026-07-22,15257.4746
2026-07-29,15170.9439
2026-08-05,15304.7386
2026-08-12,15254.8845
2026-08-19,15260.1909
2026-08-26,15223.7694
