observation_date,DPSACBW027SBOG
1973-01-03,613.6740
1973-01-10,596.5820
1973-01-17,597.5670
1973-01-24,589.7440
1973-01-31,596.4237
1973-02-07,589.6323
1973-02-14,598.0715
1973-02-21,602.8889
1973-02-28,605.0901
1973-03-07,601.0552
1973-03-14,603.5650
1973-03-21,600.7131
1973-03-28,602.8270
1973-04-04,611.8441
1973-04-11,609.5075
1973-04-18,613.5123
1973-04-25,610.2352
1973-05-02,618.5577
1973-05-09,609.6577
1973-05-16,618.2803
1973-05-23,609.5717
1973-05-30,618.2061
1973-06-06,618.4702
1973-06-13,620.4688
1973-06-20,624.7969
1973-06-27,621.1174
1973-07-04,639.5762
1973-07-11,628.1800
1973-07-18,628.7554
1973-07-25,625.4915
1973-08-01,637.2462
1973-08-08,628.0646
1973-08-15,637.7280
1973-08-22,625.7115
1973-08-29,624.4741
1973-09-05,640.1014
1973-09-12,639.8646
1973-09-19,636.7047
1973-09-26,635.6065
1973-10-03,643.4137
1973-10-10,648.4812
1973-10-17,643.5954
1973-10-24,647.9977
1973-10-31,652.1992
1973-11-07,656.2916
1973-11-14,651.3275
1973-11-21,643.6987
1973-11-28,644.5062
1973-12-05,651.7244
1973-12-12,658.2506
1973-12-19,663.0310
1973-12-26,660.0372
1974-01-02,689.3648
1974-01-09,666.9471
1974-01-16,669.5766
1974-01-23,656.9467
1974-01-30,658.5890
1974-02-06,659.8819
1974-02-13,666.9213
1974-02-20,667.8986
1974-02-27,658.7378
1974-03-06,665.6631
1974-03-13,663.6496
1974-03-20,666.6847
1974-03-27,667.5668
1974-04-03,680.3197
1974-04-10,682.5193
1974-04-17,691.3169
1974-04-24,676.3064
1974-05-01,691.1074
1974-05-08,681.7000
1974-05-15,691.6687
1974-05-22,681.9791
1974-05-29,690.0212
1974-06-05,691.4011
1974-06-12,691.4014
1974-06-19,696.6982
1974-06-26,695.9736
1974-07-03,708.6569
1974-07-10,699.3452
1974-07-17,699.8275
1974-07-24,692.8034
1974-07-31,703.2174
1974-08-07,697.0845
1974-08-14,697.6658
1974-08-21,693.0215
1974-08-28,694.9699
1974-09-04,712.4026
1974-09-11,705.0534
1974-09-18,703.1354
1974-09-25,699.5223
1974-10-02,709.5540
1974-10-09,703.0902
1974-10-16,723.9379
1974-10-23,704.4454
1974-10-30,707.4228
1974-11-06,718.9553
1974-11-13,717.9984
1974-11-20,708.8640
1974-11-27,718.0412
1974-12-04,721.0786
1974-12-11,721.4542
1974-12-18,729.3080
1974-12-25,730.1555
1975-01-01,753.5499
1975-01-08,728.5152
1975-01-15,727.2110
1975-01-22,712.4560
1975-01-29,706.2484
1975-02-05,717.1175
1975-02-12,711.6505
1975-02-19,720.1816
1975-02-26,708.6568
1975-03-05,724.7185
1975-03-12,722.3470
1975-03-19,719.8013
1975-03-26,718.1165
1975-04-02,731.2359
1975-04-09,730.7828
1975-04-16,738.6779
1975-04-23,725.1053
1975-04-30,733.3154
1975-05-07,726.3097
1975-05-14,729.7402
1975-05-21,725.3990
1975-05-28,733.7044
1975-06-04,741.4717
1975-06-11,741.5639
1975-06-18,746.4154
1975-06-25,735.6800
1975-07-02,749.5789
1975-07-09,744.8001
1975-07-16,744.1027
1975-07-23,733.0216
1975-07-30,733.6645
1975-08-06,739.5192
1975-08-13,735.0904
1975-08-20,733.5203
1975-08-27,732.5510
1975-09-03,750.4091
1975-09-10,742.6930
1975-09-17,744.5503
1975-09-24,733.1110
1975-10-01,751.8020
1975-10-08,747.5067
1975-10-15,764.6091
1975-10-22,744.5445
1975-10-29,742.5657
1975-11-05,760.7220
1975-11-12,765.5467
1975-11-19,745.6263
1975-11-26,756.8532
1975-12-03,759.3452
1975-12-10,756.9431
1975-12-17,766.5389
1975-12-24,763.1448
1975-12-31,789.0402
1976-01-07,772.5482
1976-01-14,765.5741
1976-01-21,758.4560
1976-01-28,749.5301
1976-02-04,762.2192
1976-02-11,756.3592
1976-02-18,773.9918
1976-02-25,749.7338
1976-03-03,764.7208
1976-03-10,763.2884
1976-03-17,767.9590
1976-03-24,759.8254
1976-03-31,775.8387
1976-04-07,774.7969
1976-04-14,779.0500
1976-04-21,772.7426
1976-04-28,763.9317
1976-05-05,773.6414
1976-05-12,768.3078
1976-05-19,765.4677
1976-05-26,765.2235
1976-06-02,785.6915
1976-06-09,772.8218
1976-06-16,792.9600
1976-06-23,778.2602
1976-06-30,799.0553
1976-07-07,800.4915
1976-07-14,788.8458
1976-07-21,784.2212
1976-07-28,775.6453
1976-08-04,787.4198
1976-08-11,779.8966
1976-08-18,779.1698
1976-08-25,773.6296
1976-09-01,786.6615
1976-09-08,792.5224
1976-09-15,800.2506
1976-09-22,783.5248
1976-09-29,788.6837
1976-10-06,801.8938
1976-10-13,806.4437
1976-10-20,796.9101
1976-10-27,791.6714
1976-11-03,810.8653
1976-11-10,797.6116
1976-11-17,802.3603
1976-11-24,802.8079
1976-12-01,818.9741
1976-12-08,809.3546
1976-12-15,834.6771
1976-12-22,829.0268
1976-12-29,827.2896
1977-01-05,840.3640
1977-01-12,827.7429
1977-01-19,821.9244
1977-01-26,808.8364
1977-02-02,818.1160
1977-02-09,808.1173
1977-02-16,815.4877
1977-02-23,818.4261
1977-03-02,824.8473
1977-03-09,817.6071
1977-03-16,836.1461
1977-03-23,821.4569
1977-03-30,829.8814
1977-04-06,845.3862
1977-04-13,844.6575
1977-04-20,842.5966
1977-04-27,833.9397
1977-05-04,843.0648
1977-05-11,833.2394
1977-05-18,841.1756
1977-05-25,834.1654
1977-06-01,862.6131
1977-06-08,847.5767
1977-06-15,872.9558
1977-06-22,849.2834
1977-06-29,852.4690
1977-07-06,878.5322
1977-07-13,862.5410
1977-07-20,863.8822
1977-07-27,856.0727
1977-08-03,868.0766
1977-08-10,857.6688
1977-08-17,861.3872
1977-08-24,851.2508
1977-08-31,870.6822
1977-09-07,876.8690
1977-09-14,875.9572
1977-09-21,867.2151
1977-09-28,868.4126
1977-10-05,889.8486
1977-10-12,891.4039
1977-10-19,878.6790
1977-10-26,871.7250
1977-11-02,884.0707
1977-11-09,892.9847
1977-11-16,897.5080
1977-11-23,883.0870
1977-11-30,895.9138
1977-12-07,893.0627
1977-12-14,905.4845
1977-12-21,913.6859
1977-12-28,920.7391
1978-01-04,935.3243
1978-01-11,909.4566
1978-01-18,909.1370
1978-01-25,893.2275
1978-02-01,906.2070
1978-02-08,902.0076
1978-02-15,909.9500
1978-02-22,911.9351
1978-03-01,918.9650
1978-03-08,907.5605
1978-03-15,928.3153
1978-03-22,914.4511
1978-03-29,915.2289
1978-04-05,944.9586
1978-04-12,935.3385
1978-04-19,941.2651
1978-04-26,929.4823
1978-05-03,938.8622
1978-05-10,930.4581
1978-05-17,934.4730
1978-05-24,926.1455
1978-05-31,965.7386
1978-06-07,946.8891
1978-06-14,954.9970
1978-06-21,953.6549
1978-06-28,949.6545
1978-07-05,987.7458
1978-07-12,961.2287
1978-07-19,957.4325
1978-07-26,947.6683
1978-08-02,959.9208
1978-08-09,950.5985
1978-08-16,962.5205
1978-08-23,947.2190
1978-08-30,953.3963
1978-09-06,982.1028
1978-09-13,972.6321
1978-09-20,974.0637
1978-09-27,969.6848
1978-10-04,987.1839
1978-10-11,985.7044
1978-10-18,977.0205
1978-10-25,971.5061
1978-11-01,987.4189
1978-11-08,995.3275
1978-11-15,996.7886
1978-11-22,985.0126
1978-11-29,979.4295
1978-12-06,994.7210
1978-12-13,997.2028
1978-12-20,1008.6334
1978-12-27,1016.3311
1979-01-03,999.8746
1979-01-10,1001.2143
1979-01-17,999.9160
1979-01-24,999.7379
1979-01-31,1000.3256
1979-02-07,995.6950
1979-02-14,991.4223
1979-02-21,1003.6789
1979-02-28,1007.9723
1979-03-07,992.7777
1979-03-14,1000.5480
1979-03-21,1000.7130
1979-03-28,1003.9603
1979-04-04,1008.5024
1979-04-11,1010.9187
1979-04-18,1005.5877
1979-04-25,1010.7947
1979-05-02,1008.8125
1979-05-09,1005.2121
1979-05-16,1012.2792
1979-05-23,1006.8210
1979-05-30,1010.5297
1979-06-06,1004.9980
1979-06-13,1016.6931
1979-06-20,1022.8567
1979-06-27,1026.6883
1979-07-04,1030.8942
1979-07-11,1035.2839
1979-07-18,1027.1688
1979-07-25,1040.3830
1979-08-01,1035.4635
1979-08-08,1025.2975
1979-08-15,1032.0865
1979-08-22,1030.4877
1979-08-29,1029.9786
1979-09-05,1050.4869
1979-09-12,1048.8594
1979-09-19,1062.5001
1979-09-26,1056.3693
1979-10-03,1066.4205
1979-10-10,1071.6904
1979-10-17,1056.0403
1979-10-24,1065.1005
1979-10-31,1065.9148
1979-11-07,1061.8695
1979-11-14,1077.9323
1979-11-21,1074.9352
1979-11-28,1063.1317
1979-12-05,1075.5074
1979-12-12,1078.0950
1979-12-19,1070.1696
1979-12-26,1065.9019
1980-01-02,1075.2589
1980-01-09,1074.9295
1980-01-16,1079.7028
1980-01-23,1081.4050
1980-01-30,1071.5667
1980-02-06,1085.9912
1980-02-13,1087.4071
1980-02-20,1091.1407
1980-02-27,1080.4650
1980-03-05,1091.7061
1980-03-12,1093.3168
1980-03-19,1097.5707
1980-03-26,1090.8305
1980-04-02,1095.2733
1980-04-09,1097.4183
1980-04-16,1093.8580
1980-04-23,1099.2939
1980-04-30,1106.1384
1980-05-07,1097.2281
1980-05-14,1101.5861
1980-05-21,1100.9348
1980-05-28,1102.5674
1980-06-04,1098.9269
1980-06-11,1105.6385
1980-06-18,1103.4044
1980-06-25,1108.1412
1980-07-02,1105.1685
1980-07-09,1113.1612
1980-07-16,1118.6479
1980-07-23,1119.1764
1980-07-30,1105.6410
1980-08-06,1114.6507
1980-08-13,1113.6739
1980-08-20,1126.0053
1980-08-27,1122.5468
1980-09-03,1136.5192
1980-09-10,1128.1322
1980-09-17,1138.9690
1980-09-24,1137.6210
1980-10-01,1146.3042
1980-10-08,1140.2580
1980-10-15,1164.6178
1980-10-22,1154.3134
1980-10-29,1150.8327
1980-11-05,1173.1302
1980-11-12,1189.2110
1980-11-19,1167.5396
1980-11-26,1184.8130
1980-12-03,1177.3492
1980-12-10,1181.6160
1980-12-17,1175.2484
1980-12-24,1192.2334
1980-12-31,1194.5712
1981-01-07,1192.2306
1981-01-14,1195.7372
1981-01-21,1192.8102
1981-01-28,1193.8786
1981-02-04,1200.4903
1981-02-11,1200.6497
1981-02-18,1205.7286
1981-02-25,1198.3923
1981-03-04,1208.5136
1981-03-11,1210.9482
1981-03-18,1211.3477
1981-03-25,1211.0125
1981-04-01,1223.7110
1981-04-08,1214.3567
1981-04-15,1234.1805
1981-04-22,1226.5328
1981-04-29,1221.5249
1981-05-06,1227.5705
1981-05-13,1231.9931
1981-05-20,1231.8114
1981-05-27,1245.8515
1981-06-03,1234.5723
1981-06-10,1252.2680
1981-06-17,1244.5072
1981-06-24,1256.4356
1981-07-01,1251.7318
1981-07-08,1242.9782
1981-07-15,1261.4488
1981-07-22,1249.4055
1981-07-29,1233.0575
1981-08-05,1264.5590
1981-08-12,1260.3399
1981-08-19,1257.8953
1981-08-26,1264.9986
1981-09-02,1254.3702
1981-09-09,1266.3454
1981-09-16,1276.6050
1981-09-23,1268.1350
1981-09-30,1289.7147
1981-10-07,1223.7982
1981-10-14,1233.6807
1981-10-21,1226.5057
1981-10-28,1229.8253
1981-11-04,1237.3556
1981-11-11,1235.5422
1981-11-18,1237.7704
1981-11-25,1253.9617
1981-12-02,1251.4882
1981-12-09,1244.5259
1981-12-16,1247.8975
1981-12-23,1259.2354
1981-12-30,1239.5410
1982-01-06,1253.5569
1982-01-13,1253.5954
1982-01-20,1255.0906
1982-01-27,1258.9019
1982-02-03,1260.7549
1982-02-10,1254.5546
1982-02-17,1265.4717
1982-02-24,1255.7402
1982-03-03,1267.5170
1982-03-10,1263.7278
1982-03-17,1266.7527
1982-03-24,1271.9150
1982-03-31,1278.8660
1982-04-07,1280.0474
1982-04-14,1277.8534
1982-04-21,1276.2228
1982-04-28,1273.8067
1982-05-05,1284.2610
1982-05-12,1287.9997
1982-05-19,1285.4624
1982-05-26,1290.5588
1982-06-02,1301.2771
1982-06-09,1292.9271
1982-06-16,1290.5460
1982-06-23,1293.4307
1982-06-30,1302.8517
1982-07-07,1306.7435
1982-07-14,1302.3747
1982-07-21,1304.9689
1982-07-28,1313.6944
1982-08-04,1317.9072
1982-08-11,1315.4791
1982-08-18,1312.7209
1982-08-25,1327.5811
1982-09-01,1336.3003
1982-09-08,1332.6601
1982-09-15,1343.2133
1982-09-22,1333.1308
1982-09-29,1321.8930
1982-10-06,1334.8025
1982-10-13,1343.9141
1982-10-20,1342.7393
1982-10-27,1349.8290
1982-11-03,1359.7451
1982-11-10,1338.7853
1982-11-17,1341.4476
1982-11-24,1357.1148
1982-12-01,1358.8214
1982-12-08,1357.9811
1982-12-15,1370.8690
1982-12-22,1372.8874
1982-12-29,1359.2760
1983-01-05,1372.4573
1983-01-12,1382.5240
1983-01-19,1376.6457
1983-01-26,1392.2491
1983-02-02,1392.7285
1983-02-09,1389.7119
1983-02-16,1380.9984
1983-02-23,1404.2564
1983-03-02,1414.4653
1983-03-09,1397.4926
1983-03-16,1408.5886
1983-03-23,1407.8092
1983-03-30,1406.8663
1983-04-06,1412.8081
1983-04-13,1409.9705
1983-04-20,1412.1999
1983-04-27,1414.5715
1983-05-04,1419.4602
1983-05-11,1424.6855
1983-05-18,1418.1324
1983-05-25,1421.1567
1983-06-01,1439.7075
1983-06-08,1424.9425
1983-06-15,1437.7178
1983-06-22,1430.7975
1983-06-29,1424.1531
1983-07-06,1444.3855
1983-07-13,1435.1971
1983-07-20,1435.0473
1983-07-27,1447.3588
1983-08-03,1440.7102
1983-08-10,1440.5208
1983-08-17,1437.6558
1983-08-24,1446.4340
1983-08-31,1442.4299
1983-09-07,1449.2088
1983-09-14,1447.2257
1983-09-21,1453.3660
1983-09-28,1442.3359
1983-10-05,1460.6712
1983-10-12,1468.1842
1983-10-19,1452.0973
1983-10-26,1469.8960
1983-11-02,1459.7977
1983-11-09,1464.2048
1983-11-16,1471.0233
1983-11-23,1477.4027
1983-11-30,1474.1016
1983-12-07,1476.6827
1983-12-14,1475.7741
1983-12-21,1478.0128
1983-12-28,1478.5251
1984-01-04,1496.6082
1984-01-11,1495.4333
1984-01-18,1476.1257
1984-01-25,1488.9335
1984-02-01,1492.4017
1984-02-08,1485.3301
1984-02-15,1491.1134
1984-02-22,1491.2078
1984-02-29,1500.5409
1984-03-07,1495.4311
1984-03-14,1509.2893
1984-03-21,1503.7681
1984-03-28,1506.6139
1984-04-04,1516.2472
1984-04-11,1518.0133
1984-04-18,1511.6862
1984-04-25,1522.8191
1984-05-02,1522.0700
1984-05-09,1530.6868
1984-05-16,1541.9836
1984-05-23,1543.6477
1984-05-30,1531.3089
1984-06-06,1546.5811
1984-06-13,1540.5262
1984-06-20,1550.2948
1984-06-27,1545.2520
1984-07-04,1561.6486
1984-07-11,1558.2331
1984-07-18,1553.0560
1984-07-25,1566.4666
1984-08-01,1564.2521
1984-08-08,1561.8491
1984-08-15,1572.2214
1984-08-22,1562.4140
1984-08-29,1550.7714
1984-09-05,1572.2340
1984-09-12,1569.2038
1984-09-19,1573.1158
1984-09-26,1572.1225
1984-10-03,1577.4956
1984-10-10,1589.9253
1984-10-17,1563.0429
1984-10-24,1590.1235
1984-10-31,1583.9074
1984-11-07,1589.6888
1984-11-14,1598.2423
1984-11-21,1596.7702
1984-11-28,1580.8372
1984-12-05,1608.1402
1984-12-12,1609.5803
1984-12-19,1607.3965
1984-12-26,1619.1068
1985-01-02,1618.4305
1985-01-09,1610.0913
1985-01-16,1618.4778
1985-01-23,1622.5393
1985-01-30,1614.6794
1985-02-06,1624.5008
1985-02-13,1628.6236
1985-02-20,1635.9100
1985-02-27,1637.6031
1985-03-06,1636.3446
1985-03-13,1639.7260
1985-03-20,1650.5039
1985-03-27,1645.8270
1985-04-03,1660.5197
1985-04-10,1662.1721
1985-04-17,1652.9144
1985-04-24,1663.2039
1985-05-01,1676.5266
1985-05-08,1669.6176
1985-05-15,1687.8161
1985-05-22,1673.7247
1985-05-29,1671.1051
1985-06-05,1679.3327
1985-06-12,1688.9748
1985-06-19,1687.5347
1985-06-26,1692.9180
1985-07-03,1688.0035
1985-07-10,1692.0964
1985-07-17,1687.6648
1985-07-24,1704.0116
1985-07-31,1700.4259
1985-08-07,1704.2720
1985-08-14,1701.3243
1985-08-21,1709.0257
1985-08-28,1705.9221
1985-09-04,1727.3104
1985-09-11,1711.6463
1985-09-18,1723.1974
1985-09-25,1718.8346
1985-10-02,1735.6478
1985-10-09,1720.7062
1985-10-16,1739.3154
1985-10-23,1733.9195
1985-10-30,1730.3831
1985-11-06,1732.2217
1985-11-13,1743.9107
1985-11-20,1737.6685
1985-11-27,1755.9386
1985-12-04,1755.2143
1985-12-11,1761.6160
1985-12-18,1754.1623
1985-12-25,1765.7614
1986-01-01,1768.7419
1986-01-08,1763.3140
1986-01-15,1765.8562
1986-01-22,1768.0582
1986-01-29,1752.8900
1986-02-05,1772.1395
1986-02-12,1761.1417
1986-02-19,1776.4503
1986-02-26,1763.4176
1986-03-05,1780.9502
1986-03-12,1778.0958
1986-03-19,1779.4094
1986-03-26,1788.8878
1986-04-02,1791.2550
1986-04-09,1789.2958
1986-04-16,1791.5348
1986-04-23,1798.5169
1986-04-30,1805.8213
1986-05-07,1798.1690
1986-05-14,1804.7687
1986-05-21,1801.5975
1986-05-28,1814.8296
1986-06-04,1806.8822
1986-06-11,1814.1974
1986-06-18,1806.9532
1986-06-25,1827.0965
1986-07-02,1826.8988
1986-07-09,1832.0938
1986-07-16,1839.7639
1986-07-23,1838.7327
1986-07-30,1833.0151
1986-08-06,1844.1894
1986-08-13,1843.0699
1986-08-20,1855.8189
1986-08-27,1865.3844
1986-09-03,1869.3873
1986-09-10,1852.2935
1986-09-17,1866.5149
1986-09-24,1863.2768
1986-10-01,1885.4700
1986-10-08,1863.1111
1986-10-15,1890.1741
1986-10-22,1869.4071
1986-10-29,1867.3039
1986-11-05,1880.7357
1986-11-12,1902.6766
1986-11-19,1876.3779
1986-11-26,1908.2893
1986-12-03,1900.3343
1986-12-10,1912.2089
1986-12-17,1906.3939
1986-12-24,1937.9310
1986-12-31,1951.5476
1987-01-07,1924.9511
1987-01-14,1908.2950
1987-01-21,1921.1333
1987-01-28,1923.6698
1987-02-04,1919.9883
1987-02-11,1913.1728
1987-02-18,1924.8081
1987-02-25,1918.7309
1987-03-04,1930.2060
1987-03-11,1930.1893
1987-03-18,1928.4154
1987-03-25,1935.4193
1987-04-01,1953.9899
1987-04-08,1932.3298
1987-04-15,1969.4591
1987-04-22,1945.7688
1987-04-29,1937.7691
1987-05-06,1939.2256
1987-05-13,1941.8270
1987-05-20,1953.5643
1987-05-27,1965.0549
1987-06-03,1940.7814
1987-06-10,1954.9752
1987-06-17,1942.7506
1987-06-24,1965.9166
1987-07-01,1969.7979
1987-07-08,1943.9121
1987-07-15,1971.1222
1987-07-22,1954.2398
1987-07-29,1948.5915
1987-08-05,1964.2498
1987-08-12,1964.8066
1987-08-19,1959.7743
1987-08-26,1966.8551
1987-09-02,1952.0395
1987-09-09,1963.2971
1987-09-16,1971.3060
1987-09-23,1965.6454
1987-09-30,1975.3440
1987-10-07,1961.9670
1987-10-14,1977.1060
1987-10-21,1983.1739
1987-10-28,1996.8191
1987-11-04,1992.1925
1987-11-11,1985.1316
1987-11-18,1977.6149
1987-11-25,1988.9418
1987-12-02,1979.2238
1987-12-09,1985.2224
1987-12-16,1993.6097
1987-12-23,1998.3345
1987-12-30,1965.3592
1988-01-06,1996.5118
1988-01-13,1994.3752
1988-01-20,2006.4437
1988-01-27,2002.1584
1988-02-03,2004.4557
1988-02-10,2006.6767
1988-02-17,2017.8685
1988-02-24,1995.0729
1988-03-02,2011.4492
1988-03-09,2006.2229
1988-03-16,2025.1112
1988-03-23,2025.2928
1988-03-30,2008.2720
1988-04-06,2024.7794
1988-04-13,2015.7434
1988-04-20,2029.1949
1988-04-27,2034.0523
1988-05-04,2043.6851
1988-05-11,2045.3571
1988-05-18,2040.3337
1988-05-25,2042.9384
1988-06-01,2068.2873
1988-06-08,2050.6540
1988-06-15,2080.4580
1988-06-22,2064.1539
1988-06-29,2042.1694
1988-07-06,2076.9397
1988-07-13,2061.5124
1988-07-20,2069.6754
1988-07-27,2077.0971
1988-08-03,2073.9376
1988-08-10,2075.3789
1988-08-17,2071.6132
1988-08-24,2083.6789
1988-08-31,2070.5630
1988-09-07,2082.5599
1988-09-14,2081.8871
1988-09-21,2083.8467
1988-09-28,2070.2948
1988-10-05,2092.1685
1988-10-12,2097.4378
1988-10-19,2085.4128
1988-10-26,2099.3784
1988-11-02,2103.3353
1988-11-09,2091.5777
1988-11-16,2111.4876
1988-11-23,2113.4410
1988-11-30,2110.9298
1988-12-07,2117.9336
1988-12-14,2117.3127
1988-12-21,2112.4876
1988-12-28,2108.5452
1989-01-04,2130.2852
1989-01-11,2127.9817
1989-01-18,2121.6411
1989-01-25,2123.1652
1989-02-01,2139.4522
1989-02-08,2123.0913
1989-02-15,2132.3859
1989-02-22,2131.9192
1989-03-01,2165.0176
1989-03-08,2131.3336
1989-03-15,2167.5594
1989-03-22,2144.6244
1989-03-29,2137.7400
1989-04-05,2157.7453
1989-04-12,2149.7298
1989-04-19,2149.6324
1989-04-26,2161.1390
1989-05-03,2152.3830
1989-05-10,2154.6241
1989-05-17,2153.6750
1989-05-24,2158.9782
1989-05-31,2163.8081
1989-06-07,2158.4635
1989-06-14,2151.6780
1989-06-21,2161.1375
1989-06-28,2151.8791
1989-07-05,2184.7760
1989-07-12,2177.8234
1989-07-19,2173.8278
1989-07-26,2186.5653
1989-08-02,2185.8086
1989-08-09,2185.8440
1989-08-16,2188.9529
1989-08-23,2190.9634
1989-08-30,2176.8056
1989-09-06,2199.8057
1989-09-13,2189.7386
1989-09-20,2203.9666
1989-09-27,2199.2113
1989-10-04,2211.2253
1989-10-11,2215.6664
1989-10-18,2214.5265
1989-10-25,2229.3176
1989-11-01,2244.9349
1989-11-08,2221.4225
1989-11-15,2242.5653
1989-11-22,2237.2609
1989-11-29,2213.8831
1989-12-06,2234.6531
1989-12-13,2233.8668
1989-12-20,2246.2262
1989-12-27,2243.8287
1990-01-03,2252.8719
1990-01-10,2256.5814
1990-01-17,2265.0633
1990-01-24,2247.5538
1990-01-31,2254.8290
1990-02-07,2254.7746
1990-02-14,2248.2754
1990-02-21,2264.6364
1990-02-28,2265.8181
1990-03-07,2255.2270
1990-03-14,2265.7381
1990-03-21,2261.6992
1990-03-28,2268.9618
1990-04-04,2274.1849
1990-04-11,2275.9909
1990-04-18,2266.1057
1990-04-25,2278.9221
1990-05-02,2274.6142
1990-05-09,2275.0586
1990-05-16,2283.4529
1990-05-23,2288.9046
1990-05-30,2275.6679
1990-06-06,2288.0087
1990-06-13,2287.1748
1990-06-20,2297.8269
1990-06-27,2304.4612
1990-07-04,2312.8097
1990-07-11,2306.2247
1990-07-18,2306.5544
1990-07-25,2317.6925
1990-08-01,2326.5111
1990-08-08,2309.5894
1990-08-15,2338.4849
1990-08-22,2318.5502
1990-08-29,2303.0975
1990-09-05,2329.3877
1990-09-12,2309.8458
1990-09-19,2319.7346
1990-09-26,2323.0301
1990-10-03,2326.3637
1990-10-10,2331.4012
1990-10-17,2306.4199
1990-10-24,2325.5490
1990-10-31,2324.0233
1990-11-07,2314.9006
1990-11-14,2333.8577
1990-11-21,2329.8571
1990-11-28,2310.0095
1990-12-05,2333.6258
1990-12-12,2334.3056
1990-12-19,2330.0260
1990-12-26,2343.2533
1991-01-02,2357.3141
1991-01-09,2349.1239
1991-01-16,2337.8016
1991-01-23,2371.2398
1991-01-30,2353.0498
1991-02-06,2373.7796
1991-02-13,2371.2509
1991-02-20,2388.0089
1991-02-27,2378.9790
1991-03-06,2384.5687
1991-03-13,2396.8188
1991-03-20,2394.8968
1991-03-27,2411.4807
1991-04-03,2395.9925
1991-04-10,2405.1737
1991-04-17,2397.5518
1991-04-24,2409.7052
1991-05-01,2430.9615
1991-05-08,2409.7125
1991-05-15,2436.7128
1991-05-22,2420.2487
1991-05-29,2410.1250
1991-06-05,2422.7490
1991-06-12,2431.0122
1991-06-19,2419.5600
1991-06-26,2445.7053
1991-07-03,2421.9828
1991-07-10,2430.1141
1991-07-17,2428.4284
1991-07-24,2446.9794
1991-07-31,2446.3752
1991-08-07,2446.2313
1991-08-14,2444.9394
1991-08-21,2454.5213
1991-08-28,2452.1315
1991-09-04,2462.9041
1991-09-11,2435.3124
1991-09-18,2451.9589
1991-09-25,2462.4920
1991-10-02,2464.3571
1991-10-09,2437.4369
1991-10-16,2465.2303
1991-10-23,2458.1512
1991-10-30,2448.6729
1991-11-06,2454.2962
1991-11-13,2474.2460
1991-11-20,2460.1287
1991-11-27,2484.1281
1991-12-04,2467.1773
1991-12-11,2473.6298
1991-12-18,2453.4380
1991-12-25,2483.2698
1992-01-01,2452.0438
1992-01-08,2466.9167
1992-01-15,2482.4572
1992-01-22,2484.9980
1992-01-29,2479.4784
1992-02-05,2492.7376
1992-02-12,2484.7252
1992-02-19,2484.7407
1992-02-26,2476.7074
1992-03-04,2495.4568
1992-03-11,2496.4346
1992-03-18,2485.1275
1992-03-25,2503.1348
1992-04-01,2516.2521
1992-04-08,2483.4781
1992-04-15,2522.0901
1992-04-22,2485.4372
1992-04-29,2468.4400
1992-05-06,2481.7926
1992-05-13,2482.5380
1992-05-20,2487.8376
1992-05-27,2487.7623
1992-06-03,2469.1584
1992-06-10,2487.0246
1992-06-17,2471.3326
1992-06-24,2492.8526
1992-07-01,2498.2359
1992-07-08,2466.1863
1992-07-15,2499.7890
1992-07-22,2485.8139
1992-07-29,2466.5347
1992-08-05,2486.0275
1992-08-12,2485.9546
1992-08-19,2478.3117
1992-08-26,2490.0697
1992-09-02,2478.1812
1992-09-09,2489.1731
1992-09-16,2499.9160
1992-09-23,2484.8390
1992-09-30,2490.9368
1992-10-07,2485.4082
1992-10-14,2506.8684
1992-10-21,2497.6454
1992-10-28,2497.6039
1992-11-04,2504.5092
1992-11-11,2508.5753
1992-11-18,2477.3614
1992-11-25,2513.0285
1992-12-02,2496.4328
1992-12-09,2499.1776
1992-12-16,2497.4159
1992-12-23,2512.5641
1992-12-30,2481.8357
1993-01-06,2490.7425
1993-01-13,2491.0778
1993-01-20,2489.7638
1993-01-27,2489.0425
1993-02-03,2491.3154
1993-02-10,2496.1408
1993-02-17,2498.9105
1993-02-24,2479.8561
1993-03-03,2497.9135
1993-03-10,2489.0310
1993-03-17,2488.9810
1993-03-24,2503.8288
1993-03-31,2496.5341
1993-04-07,2499.3941
1993-04-14,2497.5945
1993-04-21,2484.8061
1993-04-28,2507.2378
1993-05-05,2520.2007
1993-05-12,2526.2810
1993-05-19,2509.6915
1993-05-26,2523.7887
1993-06-02,2528.1242
1993-06-09,2533.2671
1993-06-16,2524.8673
1993-06-23,2529.2218
1993-06-30,2511.0112
1993-07-07,2535.8176
1993-07-14,2526.7452
1993-07-21,2513.0895
1993-07-28,2509.6102
1993-08-04,2518.9604
1993-08-11,2520.9665
1993-08-18,2503.8694
1993-08-25,2522.9655
1993-09-01,2534.3941
1993-09-08,2512.7985
1993-09-15,2563.5579
1993-09-22,2509.2281
1993-09-29,2512.1458
1993-10-06,2514.7762
1993-10-13,2520.2219
1993-10-20,2513.2740
1993-10-27,2522.1250
1993-11-03,2523.9068
1993-11-10,2520.0071
1993-11-17,2510.2455
1993-11-24,2530.5524
1993-12-01,2550.0117
1993-12-08,2534.9286
1993-12-15,2564.1101
1993-12-22,2531.0233
1993-12-29,2504.3002
1994-01-05,2522.0651
1994-01-12,2536.0053
1994-01-19,2535.5553
1994-01-26,2542.4556
1994-02-02,2529.8675
1994-02-09,2531.5931
1994-02-16,2523.6421
1994-02-23,2524.3460
1994-03-02,2531.6906
1994-03-09,2512.6899
1994-03-16,2524.8815
1994-03-23,2520.9448
1994-03-30,2507.5517
1994-04-06,2512.2814
1994-04-13,2506.6178
1994-04-20,2499.4606
1994-04-27,2509.8040
1994-05-04,2513.8632
1994-05-11,2524.1095
1994-05-18,2504.7422
1994-05-25,2524.6173
1994-06-01,2534.5812
1994-06-08,2513.4476
1994-06-15,2538.9470
1994-06-22,2508.1814
1994-06-29,2494.5064
1994-07-06,2527.0772
1994-07-13,2522.2695
1994-07-20,2520.7059
1994-07-27,2527.8537
1994-08-03,2516.8543
1994-08-10,2522.3481
1994-08-17,2516.2938
1994-08-24,2532.6618
1994-08-31,2519.0417
1994-09-07,2524.1776
1994-09-14,2523.7522
1994-09-21,2522.7529
1994-09-28,2519.9687
1994-10-05,2530.2949
1994-10-12,2535.5361
1994-10-19,2515.9233
1994-10-26,2534.9626
1994-11-02,2525.0561
1994-11-09,2516.9315
1994-11-16,2528.3599
1994-11-23,2539.5949
1994-11-30,2517.6576
1994-12-07,2532.7247
1994-12-14,2526.2998
1994-12-21,2529.1599
1994-12-28,2534.5374
1995-01-04,2551.5408
1995-01-11,2537.6095
1995-01-18,2538.8494
1995-01-25,2544.5339
1995-02-01,2556.4445
1995-02-08,2534.9059
1995-02-15,2544.9733
1995-02-22,2543.4099
1995-03-01,2565.1363
1995-03-08,2537.0008
1995-03-15,2570.7050
1995-03-22,2545.0782
1995-03-29,2536.2730
1995-04-05,2546.6855
1995-04-12,2548.7047
1995-04-19,2547.4884
1995-04-26,2566.8346
1995-05-03,2559.6020
1995-05-10,2568.0546
1995-05-17,2563.4695
1995-05-24,2579.5170
1995-05-31,2581.2229
1995-06-07,2592.6982
1995-06-14,2588.8928
1995-06-21,2592.9118
1995-06-28,2579.4916
1995-07-05,2611.3733
1995-07-12,2608.2830
1995-07-19,2605.6054
1995-07-26,2634.6461
1995-08-02,2623.1416
1995-08-09,2622.8314
1995-08-16,2624.6358
1995-08-23,2632.6247
1995-08-30,2605.1721
1995-09-06,2637.3231
1995-09-13,2620.3338
1995-09-20,2636.3209
1995-09-27,2633.2357
1995-10-04,2641.8538
1995-10-11,2648.1208
1995-10-18,2621.5726
1995-10-25,2649.1378
1995-11-01,2662.9065
1995-11-08,2630.6068
1995-11-15,2650.8933
1995-11-22,2643.0096
1995-11-29,2608.0859
1995-12-06,2644.2279
1995-12-13,2638.3027
1995-12-20,2650.8359
1995-12-27,2654.1523
1996-01-03,2684.4049
1996-01-10,2683.8088
1996-01-17,2687.2243
1996-01-24,2668.7602
1996-01-31,2684.1329
1996-02-07,2676.6028
1996-02-14,2672.8638
1996-02-21,2685.3762
1996-02-28,2669.7845
1996-03-06,2683.8468
1996-03-13,2692.1202
1996-03-20,2696.7839
1996-03-27,2694.6165
1996-04-03,2704.1383
1996-04-10,2698.2420
1996-04-17,2695.6451
1996-04-24,2714.1713
1996-05-01,2714.8389
1996-05-08,2711.7786
1996-05-15,2734.6643
1996-05-22,2723.2358
1996-05-29,2706.0537
1996-06-05,2724.9624
1996-06-12,2718.9190
1996-06-19,2720.6249
1996-06-26,2731.3945
1996-07-03,2722.9300
1996-07-10,2732.1039
1996-07-17,2733.8293
1996-07-24,2745.0407
1996-07-31,2743.1863
1996-08-07,2739.1435
1996-08-14,2743.4778
1996-08-21,2746.5886
1996-08-28,2742.2941
1996-09-04,2773.7492
1996-09-11,2742.2370
1996-09-18,2768.3305
1996-09-25,2770.0746
1996-10-02,2783.7223
1996-10-09,2769.8765
1996-10-16,2815.5639
1996-10-23,2808.3086
1996-10-30,2783.8496
1996-11-06,2793.1086
1996-11-13,2814.2563
1996-11-20,2789.6849
1996-11-27,2831.9559
1996-12-04,2824.9367
1996-12-11,2828.9798
1996-12-18,2810.5124
1996-12-25,2852.1056
1997-01-01,2854.2712
1997-01-08,2843.0043
1997-01-15,2841.7526
1997-01-22,2855.0033
1997-01-29,2843.1306
1997-02-05,2863.9755
1997-02-12,2857.0375
1997-02-19,2876.8090
1997-02-26,2861.3983
1997-03-05,2892.8487
1997-03-12,2890.2501
1997-03-19,2883.6418
1997-03-26,2904.0886
1997-04-02,2895.6852
1997-04-09,2907.5754
1997-04-16,2917.8666
1997-04-23,2915.3915
1997-04-30,2927.4816
1997-05-07,2917.6038
1997-05-14,2920.2135
1997-05-21,2916.2192
1997-05-28,2937.0587
1997-06-04,2931.5055
1997-06-11,2947.6359
1997-06-18,2945.2918
1997-06-25,2980.7518
1997-07-02,2967.6871
1997-07-09,2976.8800
1997-07-16,2984.7473
1997-07-23,2993.2637
1997-07-30,2980.1964
1997-08-06,3003.0390
1997-08-13,2995.3236
1997-08-20,3015.8048
1997-08-27,3015.4467
1997-09-03,3040.7618
1997-09-10,3003.0667
1997-09-17,3026.5410
1997-09-24,3018.6326
1997-10-01,3061.7425
1997-10-08,3027.0741
1997-10-15,3061.7895
1997-10-22,3041.4821
1997-10-29,3042.0297
1997-11-05,3059.1955
1997-11-12,3090.5865
1997-11-19,3038.7079
1997-11-26,3087.7873
1997-12-03,3068.8583
1997-12-10,3079.8905
1997-12-17,3073.4533
1997-12-24,3097.2962
1997-12-31,3074.4423
1998-01-07,3084.2174
1998-01-14,3073.7625
1998-01-21,3090.6426
1998-01-28,3080.1515
1998-02-04,3099.6361
1998-02-11,3107.9649
1998-02-18,3126.9910
1998-02-25,3118.1078
1998-03-04,3146.0334
1998-03-11,3152.2104
1998-03-18,3150.4195
1998-03-25,3168.8413
1998-04-01,3197.9196
1998-04-08,3160.8462
1998-04-15,3182.7236
1998-04-22,3152.2799
1998-04-29,3136.1172
1998-05-06,3157.3605
1998-05-13,3169.2311
1998-05-20,3163.0595
1998-05-27,3182.3341
1998-06-03,3170.7121
1998-06-10,3202.4492
1998-06-17,3183.6714
1998-06-24,3199.5540
1998-07-01,3209.3113
1998-07-08,3169.2752
1998-07-15,3198.4578
1998-07-22,3189.7352
1998-07-29,3182.1593
1998-08-05,3217.5593
1998-08-12,3211.4464
1998-08-19,3208.9296
1998-08-26,3222.8427
1998-09-02,3227.5603
1998-09-09,3237.4344
1998-09-16,3241.7707
1998-09-23,3228.6882
1998-09-30,3254.8049
1998-10-07,3240.0298
1998-10-14,3270.7102
1998-10-21,3261.9892
1998-10-28,3268.6155
1998-11-04,3277.1043
1998-11-11,3283.9014
1998-11-18,3278.2437
1998-11-25,3312.2714
1998-12-02,3292.4224
1998-12-09,3294.8260
1998-12-16,3290.2007
1998-12-23,3304.5166
1998-12-30,3282.9685
1999-01-06,3313.4790
1999-01-13,3303.8308
1999-01-20,3317.3008
1999-01-27,3305.4722
1999-02-03,3315.5719
1999-02-10,3309.6178
1999-02-17,3327.6400
1999-02-24,3296.8091
1999-03-03,3334.0413
1999-03-10,3318.6302
1999-03-17,3322.6103
1999-03-24,3319.4898
1999-03-31,3326.9988
1999-04-07,3315.1466
1999-04-14,3339.4141
1999-04-21,3327.1584
1999-04-28,3323.0353
1999-05-05,3338.3867
1999-05-12,3338.1117
1999-05-19,3332.1105
1999-05-26,3338.9688
1999-06-02,3347.8581
1999-06-09,3338.0622
1999-06-16,3337.2947
1999-06-23,3359.1716
1999-06-30,3349.0771
1999-07-07,3361.5530
1999-07-14,3363.9673
1999-07-21,3349.7675
1999-07-28,3345.7679
1999-08-04,3351.9894
1999-08-11,3353.7764
1999-08-18,3347.5324
1999-08-25,3363.5027
1999-09-01,3364.3141
1999-09-08,3366.9141
1999-09-15,3383.7634
1999-09-22,3367.4452
1999-09-29,3368.7670
1999-10-06,3386.3358
1999-10-13,3394.6379
1999-10-20,3394.7228
1999-10-27,3407.2247
1999-11-03,3416.4559
1999-11-10,3412.2812
1999-11-17,3414.5410
1999-11-24,3455.7663
1999-12-01,3465.3377
1999-12-08,3464.2303
1999-12-15,3489.5828
1999-12-22,3488.6037
1999-12-29,3458.7811
2000-01-05,3466.1734
2000-01-12,3473.2489
2000-01-19,3488.6608
2000-01-26,3489.8953
2000-02-02,3488.8507
2000-02-09,3491.4501
2000-02-16,3489.9929
2000-02-23,3505.6688
2000-03-01,3531.8945
2000-03-08,3505.1339
2000-03-15,3541.4603
2000-03-22,3532.4393
2000-03-29,3500.3946
2000-04-05,3545.9092
2000-04-12,3539.9240
2000-04-19,3564.6706
2000-04-26,3573.3031
2000-05-03,3564.4485
2000-05-10,3574.7697
2000-05-17,3565.5772
2000-05-24,3578.0899
2000-05-31,3581.5913
2000-06-07,3594.3160
2000-06-14,3600.1901
2000-06-21,3605.4603
2000-06-28,3575.9561
2000-07-05,3625.2205
2000-07-12,3613.6725
2000-07-19,3620.2794
2000-07-26,3639.4158
2000-08-02,3634.0701
2000-08-09,3649.9711
2000-08-16,3655.4812
2000-08-23,3670.7804
2000-08-30,3635.4559
2000-09-06,3684.5348
2000-09-13,3659.9059
2000-09-20,3678.4547
2000-09-27,3650.2981
2000-10-04,3671.4879
2000-10-11,3681.4301
2000-10-18,3662.5760
2000-10-25,3686.8067
2000-11-01,3690.8345
2000-11-08,3665.2561
2000-11-15,3674.8577
2000-11-22,3691.2722
2000-11-29,3643.9492
2000-12-06,3697.7367
2000-12-13,3702.1090
2000-12-20,3721.2960
2000-12-27,3739.9926
2001-01-03,3778.2642
2001-01-10,3757.3355
2001-01-17,3764.9345
2001-01-24,3736.6136
2001-01-31,3765.2486
2001-02-07,3751.8459
2001-02-14,3761.0668
2001-02-21,3781.6754
2001-02-28,3801.5156
2001-03-07,3783.9516
2001-03-14,3811.9459
2001-03-21,3790.4753
2001-03-28,3818.1210
2001-04-04,3840.0973
2001-04-11,3837.1071
2001-04-18,3842.6441
2001-04-25,3859.6778
2001-05-02,3836.1212
2001-05-09,3838.1166
2001-05-16,3864.2854
2001-05-23,3888.0469
2001-05-30,3889.4814
2001-06-06,3878.3954
2001-06-13,3884.2285
2001-06-20,3875.0463
2001-06-27,3880.8929
2001-07-04,3912.0130
2001-07-11,3885.7508
2001-07-18,3874.8729
2001-07-25,3903.1627
2001-08-01,3929.1697
2001-08-08,3899.4589
2001-08-15,3906.3691
2001-08-22,3908.1958
2001-08-29,3897.7000
2001-09-05,3963.5360
2001-09-12,4206.6101
2001-09-19,4023.2354
2001-09-26,3970.2887
2001-10-03,3987.3196
2001-10-10,3986.4164
2001-10-17,3968.9980
2001-10-24,3993.5068
2001-10-31,4016.2412
2001-11-07,3991.5983
2001-11-14,4062.9722
2001-11-21,4031.9769
2001-11-28,4010.6727
2001-12-05,4068.4910
2001-12-12,4082.6246
2001-12-19,4070.0519
2001-12-26,4087.5757
2002-01-02,4084.6034
2002-01-09,4092.6842
2002-01-16,4066.3494
2002-01-23,4113.7679
2002-01-30,4100.6612
2002-02-06,4119.0820
2002-02-13,4122.2816
2002-02-20,4134.6212
2002-02-27,4119.2609
2002-03-06,4124.9787
2002-03-13,4129.4628
2002-03-20,4134.7879
2002-03-27,4168.8596
2002-04-03,4148.2083
2002-04-10,4150.1352
2002-04-17,4140.7609
2002-04-24,4134.1850
2002-05-01,4165.3791
2002-05-08,4158.8461
2002-05-15,4185.1842
2002-05-22,4173.2400
2002-05-29,4157.9482
2002-06-05,4158.8906
2002-06-12,4161.9554
2002-06-19,4167.2500
2002-06-26,4206.0416
2002-07-03,4194.9527
2002-07-10,4189.9846
2002-07-17,4214.8959
2002-07-24,4228.9923
2002-07-31,4229.8817
2002-08-07,4228.8944
2002-08-14,4254.4790
2002-08-21,4249.0452
2002-08-28,4254.1072
2002-09-04,4294.0199
2002-09-11,4258.6700
2002-09-18,4266.8854
2002-09-25,4265.2209
2002-10-02,4324.4393
2002-10-09,4298.5076
2002-10-16,4346.9036
2002-10-23,4342.2131
2002-10-30,4345.6459
2002-11-06,4345.3161
2002-11-13,4367.8880
2002-11-20,4337.0174
2002-11-27,4387.9274
2002-12-04,4359.9023
2002-12-11,4351.8121
2002-12-18,4337.6965
2002-12-25,4376.9993
2003-01-01,4332.2338
2003-01-08,4343.3483
2003-01-15,4381.2673
2003-01-22,4392.7893
2003-01-29,4390.0941
2003-02-05,4428.5673
2003-02-12,4417.9594
2003-02-19,4415.6661
2003-02-26,4403.9304
2003-03-05,4447.5794
2003-03-12,4441.5757
2003-03-19,4437.2114
2003-03-26,4434.5204
2003-04-02,4449.6117
2003-04-09,4411.6657
2003-04-16,4435.0915
2003-04-23,4456.4238
2003-04-30,4513.7356
2003-05-07,4473.8976
2003-05-14,4509.8756
2003-05-21,4487.2897
2003-05-28,4509.3350
2003-06-04,4515.4311
2003-06-11,4532.6495
2003-06-18,4530.9057
2003-06-25,4562.8060
2003-07-02,4570.2015
2003-07-09,4560.9569
2003-07-16,4587.4671
2003-07-23,4599.2179
2003-07-30,4592.3143
2003-08-06,4623.5172
2003-08-13,4637.1846
2003-08-20,4612.4184
2003-08-27,4604.9540
2003-09-03,4638.8058
2003-09-10,4587.2976
2003-09-17,4604.5425
2003-09-24,4604.3190
2003-10-01,4623.9156
2003-10-08,4558.6540
2003-10-15,4600.1639
2003-10-22,4581.2205
2003-10-29,4559.8437
2003-11-05,4592.8264
2003-11-12,4628.1907
2003-11-19,4571.2113
2003-11-26,4629.0106
2003-12-03,4597.7074
2003-12-10,4625.5407
2003-12-17,4620.1114
2003-12-24,4649.0043
2003-12-31,4629.5305
2004-01-07,4646.0538
2004-01-14,4658.8838
2004-01-21,4658.7827
2004-01-28,4670.3353
2004-02-04,4690.0131
2004-02-11,4700.8515
2004-02-18,4724.6218
2004-02-25,4710.1482
2004-03-03,4749.4353
2004-03-10,4747.9472
2004-03-17,4764.7001
2004-03-24,4798.2608
2004-03-31,4793.8814
2004-04-07,4799.3959
2004-04-14,4821.3029
2004-04-21,4825.6097
2004-04-28,4832.8567
2004-05-05,4890.5347
2004-05-12,4905.1087
2004-05-19,4907.7507
2004-05-26,4913.1660
2004-06-02,4916.5268
2004-06-09,4939.9297
2004-06-16,4930.0565
2004-06-23,4962.1687
2004-06-30,4937.6853
2004-07-07,4977.6440
2004-07-14,4991.8096
2004-07-21,4995.3835
2004-07-28,4993.9542
2004-08-04,5002.4994
2004-08-11,5005.3108
2004-08-18,4982.2290
2004-08-25,5022.4203
2004-09-01,5035.0438
2004-09-08,5031.1293
2004-09-15,5059.0357
2004-09-22,5052.6147
2004-09-29,5026.4353
2004-10-06,5048.0469
2004-10-13,5065.7466
2004-10-20,5073.0723
2004-10-27,5085.5308
2004-11-03,5095.1589
2004-11-10,5102.1296
2004-11-17,5105.7779
2004-11-24,5158.6156
2004-12-01,5162.2842
2004-12-08,5145.7674
2004-12-15,5168.7697
2004-12-22,5170.6772
2004-12-29,5130.3657
2005-01-05,5174.9328
2005-01-12,5192.0860
2005-01-19,5204.0979
2005-01-26,5193.2103
2005-02-02,5207.2214
2005-02-09,5206.6688
2005-02-16,5199.2242
2005-02-23,5259.5955
2005-03-02,5237.8292
2005-03-09,5226.4464
2005-03-16,5255.2766
2005-03-23,5263.8386
2005-03-30,5254.3858
2005-04-06,5277.5609
2005-04-13,5297.6711
2005-04-20,5292.9471
2005-04-27,5286.0088
2005-05-04,5284.7625
2005-05-11,5302.5546
2005-05-18,5286.8491
2005-05-25,5331.4628
2005-06-01,5355.3089
2005-06-08,5363.1104
2005-06-15,5378.2942
2005-06-22,5390.1569
2005-06-29,5352.7922
2005-07-06,5386.3366
2005-07-13,5381.7192
2005-07-20,5412.5972
2005-07-27,5416.2050
2005-08-03,5427.1766
2005-08-10,5434.2370
2005-08-17,5465.4610
2005-08-24,5498.6430
2005-08-31,5496.1514
2005-09-07,5504.2173
2005-09-14,5518.2997
2005-09-21,5499.8490
2005-09-28,5500.3269
2005-10-05,5517.8407
2005-10-12,5543.2310
2005-10-19,5525.3898
2005-10-26,5541.8424
2005-11-02,5542.6734
2005-11-09,5530.8378
2005-11-16,5552.6100
2005-11-23,5583.1224
2005-11-30,5565.1527
2005-12-07,5575.3259
2005-12-14,5580.3212
2005-12-21,5602.1478
2005-12-28,5607.2304
2006-01-04,5654.8354
2006-01-11,5621.4203
2006-01-18,5628.6619
2006-01-25,5646.5566
2006-02-01,5664.6044
2006-02-08,5646.4134
2006-02-15,5680.4120
2006-02-22,5681.1710
2006-03-01,5711.6168
2006-03-08,5674.2360
2006-03-15,5726.0259
2006-03-22,5719.2667
2006-03-29,5711.8830
2006-04-05,5746.7632
2006-04-12,5775.4910
2006-04-19,5772.1087
2006-04-26,5786.5734
2006-05-03,5786.4169
2006-05-10,5774.6543
2006-05-17,5770.9624
2006-05-24,5799.8354
2006-05-31,5815.1815
2006-06-07,5800.0390
2006-06-14,5820.3967
2006-06-21,5824.6853
2006-06-28,5820.2775
2006-07-05,5865.5726
2006-07-12,5863.8534
2006-07-19,5864.8371
2006-07-26,5853.0920
2006-08-02,5861.9269
2006-08-09,5835.6613
2006-08-16,5880.4983
2006-08-23,5913.2847
2006-08-30,5879.7152
2006-09-06,5925.0894
2006-09-13,5922.2584
2006-09-20,5907.4332
2006-09-27,5905.3096
2006-10-04,6028.0782
2006-10-11,6030.3916
2006-10-18,6003.2512
2006-10-25,6023.8086
2006-11-01,6042.6469
2006-11-08,6029.0992
2006-11-15,6066.0044
2006-11-22,6099.1097
2006-11-29,6066.6987
2006-12-06,6095.8382
2006-12-13,6098.0515
2006-12-20,6101.3633
2006-12-27,6102.9774
2007-01-03,6127.3684
2007-01-10,6120.0328
2007-01-17,6150.0286
2007-01-24,6149.0331
2007-01-31,6164.0168
2007-02-07,6149.8454
2007-02-14,6175.9317
2007-02-21,6180.1379
2007-02-28,6220.4113
2007-03-07,6207.7579
2007-03-14,6177.3630
2007-03-21,6177.9493
2007-03-28,6214.1202
2007-04-04,6250.1385
2007-04-11,6257.8006
2007-04-18,6266.9296
2007-04-25,6287.2460
2007-05-02,6284.9232
2007-05-09,6283.6533
2007-05-16,6293.1433
2007-05-23,6314.5473
2007-05-30,6274.8993
2007-06-06,6283.9755
2007-06-13,6278.5582
2007-06-20,6280.7138
2007-06-27,6303.1082
2007-07-04,6329.9598
2007-07-11,6313.0264
2007-07-18,6303.7122
2007-07-25,6340.0067
2007-08-01,6367.1755
2007-08-08,6353.3901
2007-08-15,6400.2255
2007-08-22,6405.0442
2007-08-29,6378.3710
2007-09-05,6442.5694
2007-09-12,6433.1650
2007-09-19,6444.3491
2007-09-26,6452.8282
2007-10-03,6466.3929
2007-10-10,6481.2010
2007-10-17,6556.0743
2007-10-24,6632.5848
2007-10-31,6656.0495
2007-11-07,6641.2069
2007-11-14,6710.6845
2007-11-21,6677.2733
2007-11-28,6644.7606
2007-12-05,6692.7135
2007-12-12,6665.1787
2007-12-19,6663.8027
2007-12-26,6684.2191
2008-01-02,6696.2813
2008-01-09,6683.1630
2008-01-16,6696.6427
2008-01-23,6725.4765
2008-01-30,6727.9676
2008-02-06,6772.0187
2008-02-13,6778.4050
2008-02-20,6791.9786
2008-02-27,6759.4958
2008-03-05,6811.7333
2008-03-12,6831.9553
2008-03-19,6851.4357
2008-03-26,6829.4228
2008-04-02,6842.1648
2008-04-09,6844.2189
2008-04-16,6870.0244
2008-04-23,6879.8511
2008-04-30,6822.6867
2008-05-07,6795.3782
2008-05-14,6836.9825
2008-05-21,6852.5114
2008-05-28,6840.3822
2008-06-04,6847.9066
2008-06-11,6861.2763
2008-06-18,6852.7230
2008-06-25,6869.5441
2008-07-02,6842.5781
2008-07-09,6846.8161
2008-07-16,6896.6889
2008-07-23,6885.5228
2008-07-30,6830.7515
2008-08-06,6858.0209
2008-08-13,6861.1132
2008-08-20,6869.8776
2008-08-27,6872.1388
2008-09-03,6914.9870
2008-09-10,6902.1493
2008-09-17,7111.5676
2008-09-24,7104.9515
2008-10-01,7258.0658
2008-10-08,7154.5111
2008-10-15,7166.0130
2008-10-22,7138.0409
2008-10-29,7089.0287
2008-11-05,7105.9441
2008-11-12,7108.8891
2008-11-19,7033.6265
2008-11-26,7107.0278
2008-12-03,7126.3744
2008-12-10,7212.9174
2008-12-17,7221.6241
2008-12-24,7252.8884
2008-12-31,7237.5523
2009-01-07,7242.6122
2009-01-14,7281.6947
2009-01-21,7297.8266
2009-01-28,7261.0121
2009-02-04,7266.1280
2009-02-11,7255.7239
2009-02-18,7251.9676
2009-02-25,7256.6046
2009-03-04,7282.9798
2009-03-11,7290.1306
2009-03-18,7262.0436
2009-03-25,7321.3685
2009-04-01,7323.7141
2009-04-08,7299.9750
2009-04-15,7326.4317
2009-04-22,7340.8698
2009-04-29,7365.7361
2009-05-06,7418.2497
2009-05-13,7454.9782
2009-05-20,7440.5409
2009-05-27,7459.4409
2009-06-03,7492.1385
2009-06-10,7516.3690
2009-06-17,7533.6610
2009-06-24,7523.1351
2009-07-01,7503.1381
2009-07-08,7481.3568
2009-07-15,7506.6520
2009-07-22,7494.0026
2009-07-29,7487.1637
2009-08-05,7536.8833
2009-08-12,7538.4794
2009-08-19,7505.2038
2009-08-26,7536.6300
2009-09-02,7548.0995
2009-09-09,7551.8203
2009-09-16,7561.0439
2009-09-23,7563.2175
2009-09-30,7555.8362
2009-10-07,7568.1367
2009-10-14,7624.8327
2009-10-21,7596.5886
2009-10-28,7580.8071
2009-11-04,7652.3984
2009-11-11,7645.9130
2009-11-18,7632.6017
2009-11-25,7705.7424
2009-12-02,7705.2948
2009-12-09,7707.3507
2009-12-16,7701.6131
2009-12-23,7716.4544
2009-12-30,7650.0524
2010-01-06,7664.5832
2010-01-13,7670.8875
2010-01-20,7673.5382
2010-01-27,7689.6498
2010-02-03,7695.4408
2010-02-10,7684.9270
2010-02-17,7724.6536
2010-02-24,7700.5158
2010-03-03,7698.0705
2010-03-10,7678.6662
2010-03-17,7705.0821
2010-03-24,7696.5631
2010-03-31,7691.4219
2010-04-07,7671.3705
2010-04-14,7704.0345
2010-04-21,7703.0621
2010-04-28,7704.9927
2010-05-05,7695.6734
2010-05-12,7689.8177
2010-05-19,7658.5889
2010-05-26,7669.3227
2010-06-02,7676.0323
2010-06-09,7688.3669
2010-06-16,7682.9402
2010-06-23,7706.9735
2010-06-30,7677.5464
2010-07-07,7688.9970
2010-07-14,7727.1379
2010-07-21,7728.3493
2010-07-28,7742.1756
2010-08-04,7762.4546
2010-08-11,7762.4694
2010-08-18,7734.0275
2010-08-25,7797.1276
2010-09-01,7802.1617
2010-09-08,7800.5827
2010-09-15,7817.1098
2010-09-22,7783.3215
2010-09-29,7775.0418
2010-10-06,7816.4443
2010-10-13,7823.4612
2010-10-20,7840.0739
2010-10-27,7858.1789
2010-11-03,7861.1540
2010-11-10,7866.3521
2010-11-17,7896.7625
2010-11-24,7905.3631
2010-12-01,7883.0533
2010-12-08,7878.8298
2010-12-15,7878.9774
2010-12-22,7870.1272
2010-12-29,7848.4364
2011-01-05,7883.8849
2011-01-12,7902.7890
2011-01-19,7883.2684
2011-01-26,7910.8858
2011-02-02,7899.0549
2011-02-09,7913.2986
2011-02-16,7928.0545
2011-02-23,7958.2811
2011-03-02,7977.2700
2011-03-09,7980.1927
2011-03-16,7989.2563
2011-03-23,8001.4616
2011-03-30,7996.6144
2011-04-06,8046.0088
2011-04-13,8055.9606
2011-04-20,8075.1588
2011-04-27,8097.2596
2011-05-04,8139.0573
2011-05-11,8164.0373
2011-05-18,8129.1098
2011-05-25,8188.4389
2011-06-01,8208.1032
2011-06-08,8161.5966
2011-06-15,8166.5024
2011-06-22,8226.0557
2011-06-29,8217.0849
2011-07-06,8254.1523
2011-07-13,8257.9963
2011-07-20,8238.3206
2011-07-27,8327.4376
2011-08-03,8351.1323
2011-08-10,8350.7483
2011-08-17,8349.8681
2011-08-24,8349.0779
2011-08-31,8357.0153
2011-09-07,8356.3470
2011-09-14,8380.1235
2011-09-21,8384.1890
2011-09-28,8389.0963
2011-10-05,8395.5593
2011-10-12,8367.0252
2011-10-19,8349.5220
2011-10-26,8383.3129
2011-11-02,8408.9218
2011-11-09,8390.4834
2011-11-16,8402.6817
2011-11-23,8393.6090
2011-11-30,8404.7768
2011-12-07,8412.0903
2011-12-14,8435.4406
2011-12-21,8403.4630
2011-12-28,8435.5494
2012-01-04,8488.4420
2012-01-11,8484.1606
2012-01-18,8457.1055
2012-01-25,8479.5167
2012-02-01,8555.4839
2012-02-08,8558.5283
2012-02-15,8554.7263
2012-02-22,8542.2020
2012-02-29,8576.2432
2012-03-07,8583.4179
2012-03-14,8629.8370
2012-03-21,8602.8993
2012-03-28,8596.3698
2012-04-04,8650.3436
2012-04-11,8639.0974
2012-04-18,8612.8698
2012-04-25,8662.7485
2012-05-02,8674.6983
2012-05-09,8674.5182
2012-05-16,8680.1704
2012-05-23,8675.9376
2012-05-30,8638.7522
2012-06-06,8736.0476
2012-06-13,8745.3434
2012-06-20,8707.1033
2012-06-27,8742.4025
2012-07-04,8790.2315
2012-07-11,8785.4707
2012-07-18,8772.0528
2012-07-25,8846.7753
2012-08-01,8828.0213
2012-08-08,8864.3067
2012-08-15,8874.3128
2012-08-22,8877.7580
2012-08-29,8875.9617
2012-09-05,8920.7014
2012-09-12,8905.9476
2012-09-19,8900.5942
2012-09-26,8942.8594
2012-10-03,8983.0843
2012-10-10,8969.9742
2012-10-17,8978.1722
2012-10-24,8985.7923
2012-10-31,9053.6616
2012-11-07,9086.9601
2012-11-14,9132.9807
2012-11-21,9109.5689
2012-11-28,9104.7775
2012-12-05,9187.5444
2012-12-12,9202.5323
2012-12-19,9241.0533
2012-12-26,9307.2659
2013-01-02,9325.3249
2013-01-09,9256.8885
2013-01-16,9246.6059
2013-01-23,9256.3127
2013-01-30,9242.0466
2013-02-06,9268.4311
2013-02-13,9272.8596
2013-02-20,9243.4575
2013-02-27,9267.2242
2013-03-06,9284.9738
2013-03-13,9309.1887
2013-03-20,9304.2343
2013-03-27,9394.1090
2013-04-03,9363.9260
2013-04-10,9350.0452
2013-04-17,9363.6700
2013-04-24,9355.4142
2013-05-01,9385.1281
2013-05-08,9363.1996
2013-05-15,9391.4857
2013-05-22,9402.6219
2013-05-29,9388.1546
2013-06-05,9431.9516
2013-06-12,9447.0890
2013-06-19,9400.8922
2013-06-26,9430.9363
2013-07-03,9441.4218
2013-07-10,9448.1865
2013-07-17,9504.9125
2013-07-24,9510.9154
2013-07-31,9514.6136
2013-08-07,9505.5817
2013-08-14,9537.5450
2013-08-21,9520.8377
2013-08-28,9556.7286
2013-09-04,9564.4058
2013-09-11,9557.8106
2013-09-18,9588.7743
2013-09-25,9627.0690
2013-10-02,9659.1470
2013-10-09,9642.5073
2013-10-16,9725.6331
2013-10-23,9698.2125
2013-10-30,9694.9756
2013-11-06,9675.7076
2013-11-13,9704.3323
2013-11-20,9716.2339
2013-11-27,9776.1811
2013-12-04,9768.3908
2013-12-11,9775.8266
2013-12-18,9774.0705
2013-12-25,9848.4394
2014-01-01,9845.7090
2014-01-08,9837.2567
2014-01-15,9864.9166
2014-01-22,9882.4825
2014-01-29,9878.5874
2014-02-05,9888.8811
2014-02-12,9930.8851
2014-02-19,9958.3487
2014-02-26,9914.8169
2014-03-05,9967.1408
2014-03-12,9988.4068
2014-03-19,10005.5989
2014-03-26,10002.8849
2014-04-02,10013.4287
2014-04-09,10064.2182
2014-04-16,10070.3858
2014-04-23,10077.5234
2014-04-30,10144.8131
2014-05-07,10111.8268
2014-05-14,10131.4079
2014-05-21,10151.3731
2014-05-28,10164.8714
2014-06-04,10153.4210
2014-06-11,10160.9085
2014-06-18,10140.3049
2014-06-25,10198.0073
2014-07-02,10185.4908
2014-07-09,10212.9916
2014-07-16,10236.9505
2014-07-23,10236.7391
2014-07-30,10213.7578
2014-08-06,10182.5774
2014-08-13,10185.2007
2014-08-20,10223.3979
2014-08-27,10256.8597
2014-09-03,10328.8130
2014-09-10,10308.5019
2014-09-17,10335.3271
2014-09-24,10364.2533
2014-10-01,10314.4238
2014-10-08,10275.1957
2014-10-15,10301.9715
2014-10-22,10309.4400
2014-10-29,10273.2584
2014-11-05,10318.3091
2014-11-12,10388.4174
2014-11-19,10346.3661
2014-11-26,10443.3377
2014-12-03,10422.4427
2014-12-10,10472.3273
2014-12-17,10476.4608
2014-12-24,10488.0430
2014-12-31,10469.9273
2015-01-07,10502.8274
2015-01-14,10503.3829
2015-01-21,10511.4280
2015-01-28,10539.7967
2015-02-04,10580.7476
2015-02-11,10591.2013
2015-02-18,10618.6319
2015-02-25,10667.7009
2015-03-04,10658.8197
2015-03-11,10665.7255
2015-03-18,10657.3758
2015-03-25,10673.7553
2015-04-01,10728.5659
2015-04-08,10680.5522
2015-04-15,10701.0102
2015-04-22,10652.3282
2015-04-29,10655.7468
2015-05-06,10656.8739
2015-05-13,10726.3874
2015-05-20,10692.2917
2015-05-27,10735.5117
2015-06-03,10708.6744
2015-06-10,10712.5637
2015-06-17,10741.0019
2015-06-24,10783.3723
2015-07-01,10780.8533
2015-07-08,10765.5537
2015-07-15,10793.7359
2015-07-22,10813.8388
2015-07-29,10762.8410
2015-08-05,10799.5719
2015-08-12,10812.3437
2015-08-19,10838.9240
2015-08-26,10881.6623
2015-09-02,10860.8589
2015-09-09,10874.3769
2015-09-16,10855.1956
2015-09-23,10861.3182
2015-09-30,10872.8997
2015-10-07,10881.6510
2015-10-14,10894.7269
2015-10-21,10931.1273
2015-10-28,10953.4845
2015-11-04,10972.9298
2015-11-11,10967.0164
2015-11-18,10943.4229
2015-11-25,10977.4214
2015-12-02,10932.7405
2015-12-09,10949.9880
2015-12-16,10924.4195
2015-12-23,10949.8650
2015-12-30,10871.7178
2016-01-06,10948.0936
2016-01-13,10949.7134
2016-01-20,10959.0226
2016-01-27,10968.0664
2016-02-03,10983.9229
2016-02-10,10997.5201
2016-02-17,11026.3615
2016-02-24,11026.0684
2016-03-02,11061.9664
2016-03-09,11078.7982
2016-03-16,11073.0419
2016-03-23,11123.3225
2016-03-30,11085.2486
2016-04-06,11123.3400
2016-04-13,11151.6762
2016-04-20,11166.3532
2016-04-27,11143.5531
2016-05-04,11188.2546
2016-05-11,11183.9009
2016-05-18,11173.6487
2016-05-25,11201.5490
2016-06-01,11223.4029
2016-06-08,11263.3725
2016-06-15,11285.6135
2016-06-22,11265.3603
2016-06-29,11248.9288
2016-07-06,11284.1143
2016-07-13,11281.3661
2016-07-20,11274.6637
2016-07-27,11282.6208
2016-08-03,11352.0215
2016-08-10,11348.9284
2016-08-17,11393.8735
2016-08-24,11382.8697
2016-08-31,11374.4329
2016-09-07,11387.2567
2016-09-14,11421.8446
2016-09-21,11357.1400
2016-09-28,11350.0823
2016-10-05,11370.6702
2016-10-12,11370.6513
2016-10-19,11366.8817
2016-10-26,11401.1895
2016-11-02,11390.5397
2016-11-09,11417.1714
2016-11-16,11438.0934
2016-11-23,11427.6449
2016-11-30,11427.8240
2016-12-07,11440.2468
2016-12-14,11473.7110
2016-12-21,11461.0373
2016-12-28,11486.9414
2017-01-04,11534.0004
2017-01-11,11502.6408
2017-01-18,11539.1918
2017-01-25,11518.1290
2017-02-01,11581.5208
2017-02-08,11547.7525
2017-02-15,11579.3185
2017-02-22,11555.1955
2017-03-01,11611.6448
2017-03-08,11590.9748
2017-03-15,11657.1584
2017-03-22,11646.6075
2017-03-29,11621.9642
2017-04-05,11657.0867
2017-04-12,11666.0125
2017-04-19,11677.8081
2017-04-26,11670.0342
2017-05-03,11677.2705
2017-05-10,11707.2430
2017-05-17,11725.4432
2017-05-24,11748.4911
2017-05-31,11739.1927
2017-06-07,11727.8139
2017-06-14,11715.6507
2017-06-21,11718.6811
2017-06-28,11707.6970
2017-07-05,11764.1073
2017-07-12,11751.6364
2017-07-19,11768.3150
2017-07-26,11802.4405
2017-08-02,11803.2320
2017-08-09,11802.1743
2017-08-16,11828.4993
2017-08-23,11831.2615
2017-08-30,11813.5261
2017-09-06,11851.5980
2017-09-13,11861.4936
2017-09-20,11873.5480
2017-09-27,11873.5579
2017-10-04,11939.4334
2017-10-11,11949.0151
2017-10-18,11903.1585
2017-10-25,11952.4151
2017-11-01,11988.8048
2017-11-08,11955.7262
2017-11-15,11959.2129
2017-11-22,11959.9602
2017-11-29,11921.4853
2017-12-06,11979.1599
2017-12-13,11972.1736
2017-12-20,11969.6584
2017-12-27,11971.8372
2018-01-03,11986.1962
2018-01-10,11973.7250
2018-01-17,12004.2915
2018-01-24,12000.3868
2018-01-31,12037.5087
2018-02-07,11981.7822
2018-02-14,11981.4941
2018-02-21,11967.8153
2018-02-28,12043.7102
2018-03-07,11998.5357
2018-03-14,12022.7538
2018-03-21,11972.3236
2018-03-28,12044.9765
2018-04-04,12076.6408
2018-04-11,12090.8407
2018-04-18,12090.0568
2018-04-25,12104.7381
2018-05-02,12084.3636
2018-05-09,12112.0851
2018-05-16,12094.8587
2018-05-23,12141.8503
2018-05-30,12154.2843
2018-06-06,12154.3976
2018-06-13,12156.3280
2018-06-20,12169.5741
2018-06-27,12186.3171
2018-07-04,12223.0497
2018-07-11,12198.1398
2018-07-18,12186.7136
2018-07-25,12237.3691
2018-08-01,12244.2763
2018-08-08,12223.8617
2018-08-15,12247.4205
2018-08-22,12246.2192
2018-08-29,12230.8839
2018-09-05,12241.2054
2018-09-12,12243.2814
2018-09-19,12272.8946
2018-09-26,12319.3798
2018-10-03,12308.8229
2018-10-10,12324.4513
2018-10-17,12297.0526
2018-10-24,12321.6281
2018-10-31,12311.6851
2018-11-07,12268.1647
2018-11-14,12281.0568
2018-11-21,12286.2920
2018-11-28,12308.0632
2018-12-05,12387.3877
2018-12-12,12339.0352
2018-12-19,12381.4082
2018-12-26,12456.7173
2019-01-02,12470.7645
2019-01-09,12469.0310
2019-01-16,12442.0728
2019-01-23,12506.3652
2019-01-30,12460.1900
2019-02-06,12511.7403
2019-02-13,12490.9184
2019-02-20,12503.3696
2019-02-27,12521.1452
2019-03-06,12549.9699
2019-03-13,12537.1876
2019-03-20,12571.6327
2019-03-27,12615.3487
2019-04-03,12615.5241
2019-04-10,12612.6473
2019-04-17,12609.7988
2019-04-24,12623.4107
2019-05-01,12677.6240
2019-05-08,12660.8207
2019-05-15,12720.5621
2019-05-22,12668.5238
2019-05-29,12677.2814
2019-06-05,12717.1856
2019-06-12,12736.5858
2019-06-19,12762.5051
2019-06-26,12810.6613
2019-07-03,12793.2804
2019-07-10,12752.3907
2019-07-17,12782.2153
2019-07-24,12809.6858
2019-07-31,12824.2129
2019-08-07,12834.7880
2019-08-14,12816.3051
2019-08-21,12818.8548
2019-08-28,12849.6993
2019-09-04,12894.8526
2019-09-11,12869.2624
2019-09-18,12910.8669
2019-09-25,12978.7192
2019-10-02,13038.6843
2019-10-09,13038.7180
2019-10-16,13066.2458
2019-10-23,13066.9732
2019-10-30,13039.3330
2019-11-06,13097.8900
2019-11-13,13136.2048
2019-11-20,13148.1216
2019-11-27,13185.0886
2019-12-04,13172.3183
2019-12-11,13202.1585
2019-12-18,13196.8500
2019-12-25,13195.7402
2020-01-01,13203.8815
2020-01-08,13263.8137
2020-01-15,13299.4829
2020-01-22,13297.1658
2020-01-29,13285.0963
2020-02-05,13328.8042
2020-02-12,13330.4102
2020-02-19,13372.7309
2020-02-26,13351.5317
2020-03-04,13447.8538
2020-03-11,13482.4839
2020-03-18,13763.1842
2020-03-25,14119.0871
2020-04-01,14265.7400
2020-04-08,14249.4050
2020-04-15,14622.9659
2020-04-22,14868.0643
2020-04-29,15001.7060
2020-05-06,15178.6740
2020-05-13,15267.4928
2020-05-20,15320.6948
2020-05-27,15360.6722
2020-06-03,15362.3468
2020-06-10,15435.1583
2020-06-17,15511.9841
2020-06-24,15567.4853
2020-07-01,15545.3665
2020-07-08,15588.3719
2020-07-15,15597.7479
2020-07-22,15494.0976
2020-07-29,15440.2436
2020-08-05,15506.4536
2020-08-12,15517.3327
2020-08-19,15539.9899
2020-08-26,15554.7769
2020-09-02,15592.1413
2020-09-09,15652.4245
2020-09-16,15730.5090
2020-09-23,15714.8074
2020-09-30,15681.2661
2020-10-07,15691.1986
2020-10-14,15794.1823
2020-10-21,15794.2317
2020-10-28,15829.9159
2020-11-04,15880.4889
2020-11-11,15878.1898
2020-11-18,15901.6445
2020-11-25,15979.9602
2020-12-02,15970.4717
2020-12-09,15999.4260
2020-12-16,16031.3609
2020-12-23,16020.4948
2020-12-30,16073.7029
2021-01-06,16123.5797
2021-01-13,16155.2825
2021-01-20,16164.5925
2021-01-27,16258.3162
2021-02-03,16287.4218
2021-02-10,16336.3655
2021-02-17,16430.3314
2021-02-24,16404.8092
2021-03-03,16471.2204
2021-03-10,16527.6625
2021-03-17,16712.6283
2021-03-24,16726.8998
2021-03-31,16727.3915
2021-04-07,16779.2392
2021-04-14,16877.7811
2021-04-21,16889.8412
2021-04-28,16968.9610
2021-05-05,17059.0623
2021-05-12,17116.4173
2021-05-19,17097.0539
2021-05-26,17066.9343
2021-06-02,17080.2992
2021-06-09,17173.6155
2021-06-16,17120.1873
2021-06-23,17098.2911
2021-06-30,17052.2915
2021-07-07,17132.0260
2021-07-14,17203.3052
2021-07-21,17262.6364
2021-07-28,17248.8990
2021-08-04,17272.1195
2021-08-11,17326.2781
2021-08-18,17392.0664
2021-08-25,17447.9860
2021-09-01,17495.8185
2021-09-08,17475.8295
2021-09-15,17556.4376
2021-09-22,17523.3192
2021-09-29,17535.0028
2021-10-06,17589.5144
2021-10-13,17610.3850
2021-10-20,17670.7053
2021-10-27,17708.4192
2021-11-03,17735.7286
2021-11-10,17766.2918
2021-11-17,17807.1177
2021-11-24,17851.2185
2021-12-01,17887.6006
2021-12-08,17880.7807
2021-12-15,17914.9975
2021-12-22,17933.1537
2021-12-29,17897.9198
2022-01-05,17961.1608
2022-01-12,17959.8170
2022-01-19,18017.5082
2022-01-26,18008.3943
2022-02-02,18006.3662
2022-02-09,18038.1522
2022-02-16,18027.0575
2022-02-23,18079.3382
2022-03-02,18090.7588
2022-03-09,18072.1450
2022-03-16,18087.3277
2022-03-23,18077.3378
2022-03-30,18104.2675
2022-04-06,18135.4360
2022-04-13,18184.2151
2022-04-20,18084.9831
2022-04-27,18109.1671
2022-05-04,18119.7277
2022-05-11,18070.9557
2022-05-18,18079.6187
2022-05-25,18130.8727
2022-06-01,18101.2962
2022-06-08,18035.0988
2022-06-15,18013.5154
2022-06-22,18054.4490
2022-06-29,18000.5233
2022-07-06,17992.3668
2022-07-13,18016.7966
2022-07-20,18023.1446
2022-07-27,18073.2989
2022-08-03,17989.6058
2022-08-10,18028.1601
2022-08-17,18025.1154
2022-08-24,18051.2897
2022-08-31,18012.7435
2022-09-07,17943.6603
2022-09-14,17962.6249
2022-09-21,17944.9337
2022-09-28,17871.7759
2022-10-05,17805.3521
2022-10-12,17793.7012
2022-10-19,17775.7751
2022-10-26,17807.7094
2022-11-02,17735.9235
2022-11-09,17748.4034
2022-11-16,17754.9905
2022-11-23,17770.7389
2022-11-30,17698.1126
2022-12-07,17784.8586
2022-12-14,17770.6712
2022-12-21,17768.4052
2022-12-28,17739.1298
2023-01-04,17775.5757
2023-01-11,17687.8188
2023-01-18,17731.0293
2023-01-25,17734.9409
2023-02-01,17724.9474
2023-02-08,17683.2177
2023-02-15,17700.3733
2023-02-22,17670.5785
2023-03-01,17662.3523
2023-03-08,17576.7718
2023-03-15,17438.2301
2023-03-22,17310.8227
2023-03-29,17242.2485
2023-04-05,17260.3381
2023-04-12,17209.8649
2023-04-19,17255.1739
2023-04-26,17209.3617
2023-05-03,17230.4682
2023-05-10,17212.9273
2023-05-17,17231.0295
2023-05-24,17287.2962
2023-05-31,17327.2462
2023-06-07,17257.7771
2023-06-14,17272.8621
2023-06-21,17304.4159
2023-06-28,17294.6911
2023-07-05,17345.8928
2023-07-12,17280.6914
2023-07-19,17312.7809
2023-07-26,17305.0858
2023-08-02,17326.0344
2023-08-09,17334.5984
2023-08-16,17292.6264
2023-08-23,17337.2801
2023-08-30,17275.6532
2023-09-06,17300.2798
2023-09-13,17295.8381
2023-09-20,17343.9355
2023-09-27,17343.7499
2023-10-04,17346.1913
2023-10-11,17358.4039
2023-10-18,17281.5281
2023-10-25,17333.2098
2023-11-01,17374.5808
2023-11-08,17331.2952
2023-11-15,17370.8018
2023-11-22,17377.1174
2023-11-29,17316.9113
2023-12-06,17363.3033
2023-12-13,17368.3073
2023-12-20,17418.5043
2023-12-27,17436.0761
2024-01-03,17453.0382
2024-01-10,17403.8251
2024-01-17,17460.3771
2024-01-24,17425.0870
2024-01-31,17525.9189
2024-02-07,17480.1003
2024-02-14,17508.7165
2024-02-21,17462.3164
2024-02-28,17493.5001
2024-03-06,17522.7010
2024-03-13,17547.7194
2024-03-20,17562.0182
2024-03-27,17585.7191
2024-04-03,17527.9694
2024-04-10,17541.0497
2024-04-17,17444.0119
2024-04-24,17555.1434
2024-05-01,17561.9684
2024-05-08,17548.4239
2024-05-15,17584.9188
2024-05-22,17576.4444
2024-05-29,17547.1163
2024-06-05,17583.3202
2024-06-12,17576.6624
2024-06-19,17617.0313
2024-06-26,17583.8316
2024-07-03,17542.4797
2024-07-10,17565.4299
2024-07-17,17574.2637
2024-07-24,17588.7977
2024-07-31,17660.6464
2024-08-07,17616.5713
2024-08-14,17634.6999
2024-08-21,17653.3136
2024-08-28,17655.9072
2024-09-04,17708.5477
2024-09-11,17696.1233
2024-09-18,17741.9058
2024-09-25,17733.3916
2024-10-02,17779.7987
2024-10-09,17747.4217
2024-10-16,17811.4228
2024-10-23,17808.3522
2024-10-30,17856.7031
2024-11-06,17850.3333
2024-11-13,17845.1866
2024-11-20,17813.0391
2024-11-27,17894.3716
2024-12-04,17857.6825
2024-12-11,17866.3651
2024-12-18,17834.8623
2024-12-25,17879.0705
2025-01-01,17815.3458
2025-01-08,17910.2887
2025-01-15,17917.8366
2025-01-22,17988.0010
2025-01-29,17931.5054
2025-02-05,17941.2935
2025-02-12,17931.8684
2025-02-19,17982.5713
2025-02-26,17972.2277
2025-03-05,17982.3371
2025-03-12,17996.5475
2025-03-19,18034.7938
2025-03-26,18048.0132
2025-04-02,18079.7920
2025-04-09,18053.9265
2025-04-16,18080.9049
2025-04-23,18087.2116
2025-04-30,18102.9839
2025-05-07,18110.9944
2025-05-14,18131.5269
2025-05-21,18147.4557
2025-05-28,18156.2396
2025-06-04,18163.4042
2025-06-11,18205.9306
2025-06-18,18168.4107
2025-06-25,18248.9473
2025-07-02,18272.3152
2025-07-09,18241.0717
2025-07-16,18265.8544
2025-07-23,18295.8478
2025-07-30,18289.2347
2025-08-06,18301.4672
2025-08-13,18336.7859
2025-08-20,18328.9796
2025-08-27,18357.7782
2025-09-03,18372.7954
2025-09-10,18387.0069
2025-09-17,18377.1014
2025-09-24,18414.5980
2025-10-01,18496.4099
2025-10-08,18442.8344
2025-10-15,18504.2986
2025-10-22,18496.0461
2025-10-29,18454.7428
2025-11-05,18436.7506
2025-11-12,18524.5808
2025-11-19,18476.3230
2025-11-26,18554.0707
2025-12-03,18525.6189
2025-12-10,18564.0498
2025-12-17,18580.8992
2025-12-24,18643.9309
2025-12-31,18587.7375
2026-01-07,18645.8490
2026-01-14,18649.2599
2026-01-21,18651.0656
2026-01-28,18683.2769
2026-02-04,18756.7086
2026-02-11,18797.4966
2026-02-18,18825.8380
2026-02-25,18845.0790
2026-03-04,18862.6198
2026-03-11,18903.4761
2026-03-18,18923.0762
2026-03-25,18986.0771
2026-04-01,19061.2500
2026-04-08,19041.1124
2026-04-15,19086.2521
2026-04-22,19075.2295
2026-04-29,19115.9208
2026-05-06,19202.8334
2026-05-13,19267.7547
2026-05-20,19275.0082
2026-05-27,19320.2696
2026-06-03,19284.8326
2026-06-10,19343.1781
2026-06-17,19310.5666
2026-06-24,19384.0364
2026-07-01,19434.4974
2026-07-08,19364.3715
2026-07-15,19470.0642
2026-07-22,19405.3846
2026-07-29,19368.3239
2026-08-05,19497.7653
2026-08-12,19534.1064
2026-08-19,19532.1265
2026-08-26,19559.4784
