observation_date,WCURCIR
2002-12-18,675482
2002-12-25,681523
2003-01-01,686685
2003-01-08,683223
2003-01-15,676426
2003-01-22,675941
2003-01-29,674782
2003-02-05,675778
2003-02-12,678459
2003-02-19,682830
2003-02-26,682262
2003-03-05,682387
2003-03-12,683029
2003-03-19,683717
2003-03-26,684519
2003-04-02,685884
2003-04-09,686974
2003-04-16,687634
2003-04-23,687541
2003-04-30,687244
2003-05-07,688815
2003-05-14,689722
2003-05-21,689936
2003-05-28,693612
2003-06-04,692938
2003-06-11,692190
2003-06-18,691540
2003-06-25,691146
2003-07-02,693612
2003-07-09,697862
2003-07-16,694526
2003-07-23,692719
2003-07-30,692566
2003-08-06,694304
2003-08-13,694989
2003-08-20,694728
2003-08-27,694765
2003-09-03,700111
2003-09-10,698497
2003-09-17,696224
2003-09-24,695964
2003-10-01,696782
2003-10-08,698990
2003-10-15,703121
2003-10-22,702633
2003-10-29,702005
2003-11-05,703239
2003-11-12,706331
2003-11-19,706826
2003-11-26,708825
2003-12-03,713268
2003-12-10,711797
2003-12-17,713540
2003-12-24,718645
2003-12-31,723706
2004-01-07,721161
2004-01-14,713150
2004-01-21,711204
2004-01-28,709493
2004-02-04,710160
2004-02-11,712514
2004-02-18,716116
2004-02-25,714209
2004-03-03,713389
2004-03-10,713741
2004-03-17,713946
2004-03-24,714152
2004-03-31,714388
2004-04-07,716249
2004-04-14,717608
2004-04-21,716925
2004-04-28,716331
2004-05-05,718505
2004-05-12,719551
2004-05-19,719799
2004-05-26,720862
2004-06-02,726561
2004-06-09,726353
2004-06-16,724918
2004-06-23,724944
2004-06-30,729410
2004-07-07,736293
2004-07-14,736250
2004-07-21,733731
2004-07-28,733036
2004-08-04,733953
2004-08-11,735022
2004-08-18,735064
2004-08-25,734441
2004-09-01,734990
2004-09-08,741270
2004-09-15,740142
2004-09-22,737504
2004-09-29,736840
2004-10-06,738567
2004-10-13,742576
2004-10-20,741416
2004-10-27,740707
2004-11-03,742555
2004-11-10,745485
2004-11-17,748462
2004-11-24,749823
2004-12-01,753880
2004-12-08,751418
2004-12-15,751148
2004-12-22,753631
2004-12-29,756900
2005-01-05,755028
2005-01-12,750039
2005-01-19,748845
2005-01-26,746876
2005-02-02,747011
2005-02-09,750164
2005-02-16,751141
2005-02-23,753243
2005-03-02,751862
2005-03-09,751570
2005-03-16,751952
2005-03-23,751997
2005-03-30,753036
2005-04-06,754510
2005-04-13,754147
2005-04-20,753363
2005-04-27,752620
2005-05-04,753669
2005-05-11,754516
2005-05-18,754287
2005-05-25,754266
2005-06-01,760446
2005-06-08,761106
2005-06-15,759558
2005-06-22,758984
2005-06-29,759885
2005-07-06,766501
2005-07-13,765725
2005-07-20,762345
2005-07-27,760818
2005-08-03,762964
2005-08-10,764340
2005-08-17,763818
2005-08-24,762757
2005-08-31,762858
2005-09-07,768957
2005-09-14,769108
2005-09-21,767077
2005-09-28,766619
2005-10-05,767373
2005-10-12,771142
2005-10-19,768929
2005-10-26,767810
2005-11-02,768401
2005-11-09,770878
2005-11-16,776243
2005-11-23,776963
2005-11-30,780611
2005-12-07,778108
2005-12-14,779370
2005-12-21,783813
2005-12-28,792055
2006-01-04,793635
2006-01-11,786749
2006-01-18,784844
2006-01-25,782063
2006-02-01,781020
2006-02-08,784452
2006-02-15,786568
2006-02-22,789472
2006-03-01,788386
2006-03-08,789068
2006-03-15,789749
2006-03-22,788929
2006-03-29,788446
2006-04-05,789654
2006-04-12,790718
2006-04-19,791150
2006-04-26,790652
2006-05-03,791791
2006-05-10,793731
2006-05-17,793975
2006-05-24,793843
2006-05-31,798189
2006-06-07,796788
2006-06-14,794479
2006-06-21,793045
2006-06-28,792877
2006-07-05,798132
2006-07-12,798289
2006-07-19,794573
2006-07-26,792679
2006-08-02,792753
2006-08-09,794030
2006-08-16,794418
2006-08-23,793264
2006-08-30,793538
2006-09-06,798503
2006-09-13,796131
2006-09-20,792495
2006-09-27,790748
2006-10-04,791787
2006-10-11,795772
2006-10-18,794852
2006-10-25,794146
2006-11-01,794737
2006-11-08,797339
2006-11-15,799918
2006-11-22,803010
2006-11-29,807706
2006-12-06,805603
2006-12-13,806225
2006-12-20,808651
2006-12-27,816824
2007-01-03,819803
2007-01-10,812449
2007-01-17,807874
2007-01-24,803306
2007-01-31,800808
2007-02-07,802412
2007-02-14,804604
2007-02-21,807800
2007-02-28,806639
2007-03-07,806879
2007-03-14,806706
2007-03-21,806291
2007-03-28,805485
2007-04-04,806666
2007-04-11,808216
2007-04-18,808144
2007-04-25,807201
2007-05-02,807361
2007-05-09,808678
2007-05-16,809050
2007-05-23,808818
2007-05-30,813595
2007-06-06,812919
2007-06-13,811424
2007-06-20,810240
2007-06-27,809734
2007-07-04,814807
2007-07-11,817326
2007-07-18,813996
2007-07-25,812468
2007-08-01,812382
2007-08-08,813011
2007-08-15,812360
2007-08-22,811037
2007-08-29,809869
2007-09-05,814925
2007-09-12,812932
2007-09-19,809893
2007-09-26,809845
2007-10-03,811777
2007-10-10,816150
2007-10-17,814491
2007-10-24,812803
2007-10-31,813070
2007-11-07,815761
2007-11-14,821038
2007-11-21,820706
2007-11-28,821924
2007-12-05,818020
2007-12-12,818198
2007-12-19,819460
2007-12-26,825497
2008-01-02,829075
2008-01-09,822574
2008-01-16,813450
2008-01-23,812048
2008-01-30,809686
2008-02-06,811518
2008-02-13,813774
2008-02-20,817060
2008-02-27,815364
2008-03-05,815899
2008-03-12,816854
2008-03-19,816969
2008-03-26,816856
2008-04-02,815572
2008-04-09,815089
2008-04-16,813879
2008-04-23,812790
2008-04-30,812355
2008-05-07,814244
2008-05-14,815675
2008-05-21,817662
2008-05-28,823164
2008-06-04,823314
2008-06-11,822641
2008-06-18,822576
2008-06-25,822777
2008-07-02,826574
2008-07-09,832895
2008-07-16,829905
2008-07-23,829799
2008-07-30,830559
2008-08-06,831496
2008-08-13,831085
2008-08-20,830017
2008-08-27,829456
2008-09-03,835191
2008-09-10,834477
2008-09-17,832301
2008-09-24,833801
2008-10-01,836296
2008-10-08,844419
2008-10-15,853143
2008-10-22,854418
2008-10-29,857335
2008-11-05,860696
2008-11-12,864113
2008-11-19,864583
2008-11-26,866906
2008-12-03,872413
2008-12-10,871816
2008-12-17,875146
2008-12-24,881292
2008-12-31,888750
2009-01-07,889417
2009-01-14,883327
2009-01-21,884889
2009-01-28,887103
2009-02-04,888913
2009-02-11,893002
2009-02-18,897625
2009-02-25,897082
2009-03-04,898492
2009-03-11,900728
2009-03-18,901764
2009-03-25,902024
2009-04-01,902604
2009-04-08,904634
2009-04-15,904823
2009-04-22,903293
2009-04-29,901704
2009-05-06,903838
2009-05-13,904791
2009-05-20,904769
2009-05-27,908660
2009-06-03,908798
2009-06-10,907565
2009-06-17,907334
2009-06-24,906606
2009-07-01,907936
2009-07-08,911990
2009-07-15,910477
2009-07-22,908744
2009-07-29,908651
2009-08-05,910601
2009-08-12,911621
2009-08-19,910923
2009-08-26,909952
2009-09-02,910448
2009-09-09,915919
2009-09-16,914437
2009-09-23,912065
2009-09-30,911978
2009-10-07,914279
2009-10-14,917672
2009-10-21,915560
2009-10-28,913756
2009-11-04,915075
2009-11-11,918649
2009-11-18,919305
2009-11-25,919937
2009-12-02,922935
2009-12-09,921284
2009-12-16,922711
2009-12-23,925105
2009-12-30,929539
2010-01-06,927264
2010-01-13,920466
2010-01-20,919287
2010-01-27,917922
2010-02-03,919398
2010-02-10,925959
2010-02-17,931839
2010-02-24,931643
2010-03-03,931867
2010-03-10,932723
2010-03-17,932781
2010-03-24,932613
2010-03-31,932692
2010-04-07,935618
2010-04-14,935636
2010-04-21,934684
2010-04-28,934278
2010-05-05,936266
2010-05-12,937893
2010-05-19,937818
2010-05-26,937920
2010-06-02,943219
2010-06-09,942478
2010-06-16,940334
2010-06-23,939372
2010-06-30,941410
2010-07-07,947853
2010-07-14,945885
2010-07-21,943030
2010-07-28,942291
2010-08-04,944717
2010-08-11,946412
2010-08-18,946929
2010-08-25,946292
2010-09-01,947518
2010-09-08,953865
2010-09-15,952245
2010-09-22,951101
2010-09-29,951923
2010-10-06,956221
2010-10-13,962104
2010-10-20,961768
2010-10-27,961383
2010-11-03,964759
2010-11-10,970964
2010-11-17,973534
2010-11-24,974304
2010-12-01,978037
2010-12-08,976357
2010-12-15,978416
2010-12-22,980470
2010-12-29,983671
2011-01-05,982717
2011-01-12,978279
2011-01-19,978575
2011-01-26,976079
2011-02-02,977725
2011-02-09,986142
2011-02-16,989053
2011-02-23,995430
2011-03-02,997114
2011-03-09,999303
2011-03-16,1001011
2011-03-23,1002674
2011-03-30,1003372
2011-04-06,1006310
2011-04-13,1009404
2011-04-20,1010508
2011-04-27,1011242
2011-05-04,1014589
2011-05-11,1017031
2011-05-18,1017280
2011-05-25,1017758
2011-06-01,1023953
2011-06-08,1024171
2011-06-15,1022901
2011-06-22,1022653
2011-06-29,1023955
2011-07-06,1031280
2011-07-13,1030194
2011-07-20,1028324
2011-07-27,1028483
2011-08-03,1031763
2011-08-10,1033464
2011-08-17,1033456
2011-08-24,1032483
2011-08-31,1034036
2011-09-07,1041871
2011-09-14,1040635
2011-09-21,1036718
2011-09-28,1035726
2011-10-05,1038913
2011-10-12,1044961
2011-10-19,1042797
2011-10-26,1041846
2011-11-02,1045321
2011-11-09,1052141
2011-11-16,1057608
2011-11-23,1058821
2011-11-30,1062262
2011-12-07,1061252
2011-12-14,1064333
2011-12-21,1066449
2011-12-28,1073589
2012-01-04,1075477
2012-01-11,1069897
2012-01-18,1067899
2012-01-25,1065490
2012-02-01,1067282
2012-02-08,1074010
2012-02-15,1081631
2012-02-22,1088913
2012-02-29,1089149
2012-03-07,1092690
2012-03-14,1095234
2012-03-21,1096169
2012-03-28,1096572
2012-04-04,1099477
2012-04-11,1100956
2012-04-18,1100186
2012-04-25,1099292
2012-05-02,1100534
2012-05-09,1102550
2012-05-16,1103266
2012-05-23,1103470
2012-05-30,1108523
2012-06-06,1109299
2012-06-13,1108629
2012-06-20,1108141
2012-06-27,1108112
2012-07-04,1113922
2012-07-11,1117112
2012-07-18,1113068
2012-07-25,1110921
2012-08-01,1112003
2012-08-08,1115259
2012-08-15,1116427
2012-08-22,1116580
2012-08-29,1119062
2012-09-05,1127798
2012-09-12,1126690
2012-09-19,1125061
2012-09-26,1126006
2012-10-03,1129890
2012-10-10,1136541
2012-10-17,1135575
2012-10-24,1134332
2012-10-31,1136775
2012-11-07,1144458
2012-11-14,1148620
2012-11-21,1149782
2012-11-28,1153218
2012-12-05,1151783
2012-12-12,1154747
2012-12-19,1156708
2012-12-26,1163543
2013-01-02,1168897
2013-01-09,1164372
2013-01-16,1156280
2013-01-23,1156041
2013-01-30,1154822
2013-02-06,1157630
2013-02-13,1162433
2013-02-20,1168856
2013-02-27,1169419
2013-03-06,1172647
2013-03-13,1174977
2013-03-20,1174844
2013-03-27,1174947
2013-04-03,1177787
2013-04-10,1178621
2013-04-17,1178446
2013-04-24,1178830
2013-05-01,1180396
2013-05-08,1183568
2013-05-15,1184641
2013-05-22,1185799
2013-05-29,1190725
2013-06-05,1190693
2013-06-12,1189050
2013-06-19,1188497
2013-06-26,1190533
2013-07-03,1196132
2013-07-10,1201072
2013-07-17,1196418
2013-07-24,1194269
2013-07-31,1195013
2013-08-07,1198243
2013-08-14,1198608
2013-08-21,1198398
2013-08-28,1199944
2013-09-04,1208228
2013-09-11,1207511
2013-09-18,1205073
2013-09-25,1204498
2013-10-02,1207268
2013-10-09,1210637
2013-10-16,1216184
2013-10-23,1215786
2013-10-30,1217249
2013-11-06,1218889
2013-11-13,1222088
2013-11-20,1220228
2013-11-27,1222173
2013-12-04,1228027
2013-12-11,1227549
2013-12-18,1229710
2013-12-25,1235858
2014-01-01,1240461
2014-01-08,1237415
2014-01-15,1229185
2014-01-22,1226257
2014-01-29,1224839
2014-02-05,1228635
2014-02-12,1231756
2014-02-19,1241349
2014-02-26,1248398
2014-03-05,1253801
2014-03-12,1260133
2014-03-19,1265151
2014-03-26,1267259
2014-04-02,1268723
2014-04-09,1270619
2014-04-16,1270527
2014-04-23,1270130
2014-04-30,1270639
2014-05-07,1273160
2014-05-14,1274719
2014-05-21,1275447
2014-05-28,1280467
2014-06-04,1280486
2014-06-11,1279611
2014-06-18,1278864
2014-06-25,1278540
2014-07-02,1282381
2014-07-09,1288724
2014-07-16,1285464
2014-07-23,1283726
2014-07-30,1283830
2014-08-06,1286962
2014-08-13,1288110
2014-08-20,1287281
2014-08-27,1287660
2014-09-03,1292925
2014-09-10,1292485
2014-09-17,1289364
2014-09-24,1288316
2014-10-01,1289118
2014-10-08,1291632
2014-10-15,1295828
2014-10-22,1296400
2014-10-29,1297206
2014-11-05,1302216
2014-11-12,1310877
2014-11-19,1311759
2014-11-26,1313117
2014-12-03,1317966
2014-12-10,1318382
2014-12-17,1322765
2014-12-24,1332857
2014-12-31,1341521
2015-01-07,1341142
2015-01-14,1332825
2015-01-21,1330813
2015-01-28,1329008
2015-02-04,1331078
2015-02-11,1337888
2015-02-18,1346585
2015-02-25,1349475
2015-03-04,1352366
2015-03-11,1354972
2015-03-18,1355673
2015-03-25,1356045
2015-04-01,1357822
2015-04-08,1361256
2015-04-15,1361876
2015-04-22,1359777
2015-04-29,1358900
2015-05-06,1361956
2015-05-13,1363712
2015-05-20,1364194
2015-05-27,1368417
2015-06-03,1368309
2015-06-10,1366834
2015-06-17,1365073
2015-06-24,1364416
2015-07-01,1366614
2015-07-08,1371116
2015-07-15,1370374
2015-07-22,1369892
2015-07-29,1370880
2015-08-05,1373315
2015-08-12,1375158
2015-08-19,1375789
2015-08-26,1375949
2015-09-02,1379270
2015-09-09,1385937
2015-09-16,1385325
2015-09-23,1383774
2015-09-30,1385055
2015-10-07,1388846
2015-10-14,1392686
2015-10-21,1391611
2015-10-28,1392573
2015-11-04,1396978
2015-11-11,1403383
2015-11-18,1405092
2015-11-25,1406511
2015-12-02,1411379
2015-12-09,1410790
2015-12-16,1412636
2015-12-23,1416680
2015-12-30,1423734
2016-01-06,1424303
2016-01-13,1417119
2016-01-20,1414820
2016-01-27,1413083
2016-02-03,1413716
2016-02-10,1416765
2016-02-17,1424305
2016-02-24,1429119
2016-03-02,1430750
2016-03-09,1435004
2016-03-16,1437712
2016-03-23,1439644
2016-03-30,1441273
2016-04-06,1443933
2016-04-13,1444502
2016-04-20,1444297
2016-04-27,1445821
2016-05-04,1448814
2016-05-11,1451461
2016-05-18,1451514
2016-05-25,1452201
2016-06-01,1457699
2016-06-08,1458335
2016-06-15,1456747
2016-06-22,1456143
2016-06-29,1458605
2016-07-06,1466002
2016-07-13,1465026
2016-07-20,1462348
2016-07-27,1461333
2016-08-03,1463029
2016-08-10,1464831
2016-08-17,1464407
2016-08-24,1463978
2016-08-31,1465458
2016-09-07,1472496
2016-09-14,1471450
2016-09-21,1468692
2016-09-28,1468362
2016-10-05,1471724
2016-10-12,1478298
2016-10-19,1477157
2016-10-26,1476064
2016-11-02,1479366
2016-11-09,1486424
2016-11-16,1490871
2016-11-23,1491246
2016-11-30,1494792
2016-12-07,1494573
2016-12-14,1497476
2016-12-21,1499308
2016-12-28,1506062
2017-01-04,1509346
2017-01-11,1505424
2017-01-18,1503204
2017-01-25,1500341
2017-02-01,1498401
2017-02-08,1502304
2017-02-15,1506748
2017-02-22,1511166
2017-03-01,1515490
2017-03-08,1525030
2017-03-15,1529114
2017-03-22,1531822
2017-03-29,1534138
2017-04-05,1537195
2017-04-12,1539803
2017-04-19,1540105
2017-04-26,1540787
2017-05-03,1543435
2017-05-10,1546600
2017-05-17,1547448
2017-05-24,1548396
2017-05-31,1554937
2017-06-07,1555595
2017-06-14,1554611
2017-06-21,1554733
2017-06-28,1555900
2017-07-05,1562930
2017-07-12,1564969
2017-07-19,1561918
2017-07-26,1560553
2017-08-02,1562785
2017-08-09,1565345
2017-08-16,1565711
2017-08-23,1565414
2017-08-30,1567186
2017-09-06,1575100
2017-09-13,1579472
2017-09-20,1579663
2017-09-27,1578946
2017-10-04,1580355
2017-10-11,1584770
2017-10-18,1584349
2017-10-25,1583583
2017-11-01,1585415
2017-11-08,1590168
2017-11-15,1591266
2017-11-22,1594566
2017-11-29,1599238
2017-12-06,1599572
2017-12-13,1602464
2017-12-20,1604022
2017-12-27,1612120
2018-01-03,1618012
2018-01-10,1614585
2018-01-17,1610647
2018-01-24,1607693
2018-01-31,1605766
2018-02-07,1609040
2018-02-14,1613641
2018-02-21,1619318
2018-02-28,1623124
2018-03-07,1629472
2018-03-14,1633275
2018-03-21,1634153
2018-03-28,1635251
2018-04-04,1637719
2018-04-11,1639944
2018-04-18,1640416
2018-04-25,1641724
2018-05-02,1643581
2018-05-09,1646695
2018-05-16,1650654
2018-05-23,1653989
2018-05-30,1659475
2018-06-06,1661173
2018-06-13,1660899
2018-06-20,1660851
2018-06-27,1662164
2018-07-04,1668566
2018-07-11,1672144
2018-07-18,1668632
2018-07-25,1666885
2018-08-01,1667748
2018-08-08,1669370
2018-08-15,1670942
2018-08-22,1673672
2018-08-29,1676308
2018-09-05,1685586
2018-09-12,1686893
2018-09-19,1685089
2018-09-26,1684491
2018-10-03,1686642
2018-10-10,1691826
2018-10-17,1691137
2018-10-24,1689730
2018-10-31,1691324
2018-11-07,1696620
2018-11-14,1700939
2018-11-21,1702783
2018-11-28,1706067
2018-12-05,1704449
2018-12-12,1704984
2018-12-19,1705712
2018-12-26,1712424
2019-01-02,1719039
2019-01-09,1715446
2019-01-16,1706753
2019-01-23,1704763
2019-01-30,1702628
2019-02-06,1703372
2019-02-13,1706086
2019-02-20,1710847
2019-02-27,1710832
2019-03-06,1714772
2019-03-13,1719885
2019-03-20,1720603
2019-03-27,1721789
2019-04-03,1724746
2019-04-10,1726694
2019-04-17,1726996
2019-04-24,1727199
2019-05-01,1728432
2019-05-08,1731386
2019-05-15,1731597
2019-05-22,1732141
2019-05-29,1737577
2019-06-05,1738643
2019-06-12,1737227
2019-06-19,1736958
2019-06-26,1738215
2019-07-03,1745276
2019-07-10,1750951
2019-07-17,1747344
2019-07-24,1745231
2019-07-31,1745687
2019-08-07,1748048
2019-08-14,1747676
2019-08-21,1749182
2019-08-28,1751555
2019-09-04,1760653
2019-09-11,1766237
2019-09-18,1762096
2019-09-25,1761662
2019-10-02,1762796
2019-10-09,1766295
2019-10-16,1770761
2019-10-23,1771533
2019-10-30,1776039
2019-11-06,1782249
2019-11-13,1786866
2019-11-20,1785488
2019-11-27,1787801
2019-12-04,1793186
2019-12-11,1791932
2019-12-18,1792816
2019-12-25,1799105
2020-01-01,1805880
2020-01-08,1804965
2020-01-15,1797216
2020-01-22,1794685
2020-01-29,1792176
2020-02-05,1792586
2020-02-12,1794356
2020-02-19,1798097
2020-02-26,1798896
2020-03-04,1803470
2020-03-11,1814015
2020-03-18,1827086
2020-03-25,1859732
2020-04-01,1876839
2020-04-08,1880963
2020-04-15,1884887
2020-04-22,1890850
2020-04-29,1903359
2020-05-06,1916001
2020-05-13,1925637
2020-05-20,1933167
2020-05-27,1944109
2020-06-03,1949684
2020-06-10,1953842
2020-06-17,1956796
2020-06-24,1961158
2020-07-01,1967076
2020-07-08,1974690
2020-07-15,1978510
2020-07-22,1982873
2020-07-29,1988190
2020-08-05,1996626
2020-08-12,2003019
2020-08-19,2007458
2020-08-26,2010991
2020-09-02,2016895
2020-09-09,2026998
2020-09-16,2029078
2020-09-23,2028366
2020-09-30,2029894
2020-10-07,2034870
2020-10-14,2041041
2020-10-21,2042036
2020-10-28,2042858
2020-11-04,2046746
2020-11-11,2054172
2020-11-18,2059539
2020-11-25,2062076
2020-12-02,2067119
2020-12-09,2066294
2020-12-16,2066397
2020-12-23,2071351
2020-12-30,2081471
2021-01-06,2090412
2021-01-13,2091674
2021-01-20,2094987
2021-01-27,2097065
2021-02-03,2097391
2021-02-10,2099338
2021-02-17,2102025
2021-02-24,2102111
2021-03-03,2102269
2021-03-10,2104182
2021-03-17,2109456
2021-03-24,2121901
2021-03-31,2138600
2021-04-07,2146904
2021-04-14,2153123
2021-04-21,2158169
2021-04-28,2161081
2021-05-05,2164899
2021-05-12,2168172
2021-05-19,2168571
2021-05-26,2170094
2021-06-02,2176844
2021-06-09,2180008
2021-06-16,2178509
2021-06-23,2178345
2021-06-30,2180510
2021-07-07,2186766
2021-07-14,2187446
2021-07-21,2185203
2021-07-28,2185055
2021-08-04,2186986
2021-08-11,2188461
2021-08-18,2187796
2021-08-25,2187140
2021-09-01,2189328
2021-09-08,2196053
2021-09-15,2197306
2021-09-22,2195557
2021-09-29,2195865
2021-10-06,2198301
2021-10-13,2203462
2021-10-20,2203975
2021-10-27,2203811
2021-11-03,2205698
2021-11-10,2209842
2021-11-17,2214496
2021-11-24,2216125
2021-12-01,2220650
2021-12-08,2220425
2021-12-15,2219724
2021-12-22,2224823
2021-12-29,2233464
2022-01-05,2236761
2022-01-12,2234409
2022-01-19,2232291
2022-01-26,2230643
2022-02-02,2228661
2022-02-09,2230158
2022-02-16,2231898
2022-02-23,2237201
2022-03-02,2242390
2022-03-09,2253830
2022-03-16,2260871
2022-03-23,2264118
2022-03-30,2266218
2022-04-06,2269035
2022-04-13,2270095
2022-04-20,2269902
2022-04-27,2269499
2022-05-04,2270857
2022-05-11,2272503
2022-05-18,2272240
2022-05-25,2272713
2022-06-01,2278642
2022-06-08,2278932
2022-06-15,2276301
2022-06-22,2277390
2022-06-29,2278415
2022-07-06,2283288
2022-07-13,2281645
2022-07-20,2276534
2022-07-27,2274183
2022-08-03,2274140
2022-08-10,2275269
2022-08-17,2275586
2022-08-24,2275148
2022-08-31,2275721
2022-09-07,2282992
2022-09-14,2281970
2022-09-21,2278366
2022-09-28,2277276
2022-10-05,2281006
2022-10-12,2287341
2022-10-19,2285758
2022-10-26,2283739
2022-11-02,2285246
2022-11-09,2288828
2022-11-16,2294034
2022-11-23,2294186
2022-11-30,2297948
2022-12-07,2296473
2022-12-14,2295081
2022-12-21,2296207
2022-12-28,2303992
2023-01-04,2309271
2023-01-11,2303115
2023-01-18,2297186
2023-01-25,2292266
2023-02-01,2294365
2023-02-08,2297972
2023-02-15,2298493
2023-02-22,2301158
2023-03-01,2302652
2023-03-08,2306483
2023-03-15,2308318
2023-03-22,2314991
2023-03-29,2321775
2023-04-05,2323763
2023-04-12,2324470
2023-04-19,2323075
2023-04-26,2322451
2023-05-03,2325352
2023-05-10,2330662
2023-05-17,2333061
2023-05-24,2334829
2023-05-31,2341870
2023-06-07,2343827
2023-06-14,2342070
2023-06-21,2343442
2023-06-28,2341456
2023-07-05,2346062
2023-07-12,2344649
2023-07-19,2338235
2023-07-26,2333581
2023-08-02,2333170
2023-08-09,2333088
2023-08-16,2330960
2023-08-23,2328430
2023-08-30,2328244
2023-09-06,2333971
2023-09-13,2331814
2023-09-20,2326110
2023-09-27,2323387
2023-10-04,2324044
2023-10-11,2327992
2023-10-18,2325043
2023-10-25,2322925
2023-11-01,2323302
2023-11-08,2325496
2023-11-15,2325769
2023-11-22,2328122
2023-11-29,2332284
2023-12-06,2331267
2023-12-13,2330704
2023-12-20,2331780
2023-12-27,2340294
2024-01-03,2347534
2024-01-10,2343630
2024-01-17,2337620
2024-01-24,2331659
2024-01-31,2326770
2024-02-07,2326219
2024-02-14,2326302
2024-02-21,2329142
2024-02-28,2330095
2024-03-06,2334956
2024-03-13,2338748
2024-03-20,2340253
2024-03-27,2341731
2024-04-03,2344310
2024-04-10,2346773
2024-04-17,2346075
2024-04-24,2344397
2024-05-01,2344546
2024-05-08,2347485
2024-05-15,2347269
2024-05-22,2347194
2024-05-29,2351934
2024-06-05,2352529
2024-06-12,2350512
2024-06-19,2349646
2024-06-26,2351673
2024-07-03,2353828
2024-07-10,2357155
2024-07-17,2351822
2024-07-24,2347325
2024-07-31,2346693
2024-08-07,2348860
2024-08-14,2348547
2024-08-21,2346680
2024-08-28,2347142
2024-09-04,2353637
2024-09-11,2353761
2024-09-18,2350313
2024-09-25,2349315
2024-10-02,2350808
2024-10-09,2353587
2024-10-16,2357664
2024-10-23,2355333
2024-10-30,2354320
2024-11-06,2357466
2024-11-13,2360938
2024-11-20,2358187
2024-11-27,2358603
2024-12-04,2363154
2024-12-11,2360855
2024-12-18,2357981
2024-12-25,2363456
2025-01-01,2371212
2025-01-08,2370271
2025-01-15,2359684
2025-01-22,2353178
2025-01-29,2349383
2025-02-05,2348476
2025-02-12,2349201
2025-02-19,2352186
2025-02-26,2353506
2025-03-05,2358524
2025-03-12,2364202
2025-03-19,2366825
2025-03-26,2369721
2025-04-02,2374098
2025-04-09,2377243
2025-04-16,2376957
2025-04-23,2377592
2025-04-30,2379743
2025-05-07,2382384
2025-05-14,2383224
2025-05-21,2383634
2025-05-28,2389204
2025-06-04,2390393
2025-06-11,2388992
2025-06-18,2389746
2025-06-25,2393922
2025-07-02,2396082
2025-07-09,2402486
2025-07-16,2400225
2025-07-23,2398115
2025-07-30,2399420
2025-08-06,2402139
2025-08-13,2403543
2025-08-20,2402868
2025-08-27,2404193
2025-09-03,2410443
2025-09-10,2411449
2025-09-17,2409487
2025-09-24,2408831
2025-10-01,2411052
2025-10-08,2414035
2025-10-15,2418275
2025-10-22,2417588
2025-10-29,2417314
2025-11-05,2419897
2025-11-12,2422544
2025-11-19,2422329
2025-11-26,2422734
2025-12-03,2427776
2025-12-10,2426908
2025-12-17,2426051
2025-12-24,2433349
2025-12-31,2442232
2026-01-07,2444489
2026-01-14,2436151
2026-01-21,2431615
2026-01-28,2429105
2026-02-04,2430096
2026-02-11,2430472
2026-02-18,2430900
2026-02-25,2431000
2026-03-04,2435097
2026-03-11,2440001
2026-03-18,2442405
2026-03-25,2445034
2026-04-01,2448221
2026-04-08,2451502
2026-04-15,2452204
2026-04-22,2452526
2026-04-29,2453491
2026-05-06,2455805
2026-05-13,2457508
2026-05-20,2458981
2026-05-27,2464264
2026-06-03,2465745
2026-06-10,2466713
2026-06-17,2468083
2026-06-24,2472183
2026-07-01,2472792
2026-07-08,2474853
2026-07-15,2472464
2026-07-22,2470901
2026-07-29,2470970
2026-08-05,2473058
2026-08-12,2474891
2026-08-19,2475096
2026-08-26,2476144
2026-09-02,2479541
