observation_date,TLAACBW027SBOG
1973-01-03,706.8656
1973-01-10,700.9787
1973-01-17,699.5624
1973-01-24,700.8852
1973-01-31,705.9002
1973-02-07,703.4736
1973-02-14,709.2743
1973-02-21,711.7601
1973-02-28,718.5449
1973-03-07,717.5137
1973-03-14,719.1385
1973-03-21,718.9917
1973-03-28,723.1221
1973-04-04,721.9902
1973-04-11,724.4292
1973-04-18,727.7499
1973-04-25,733.6156
1973-05-02,733.0308
1973-05-09,732.7460
1973-05-16,738.9639
1973-05-23,739.1176
1973-05-30,738.6290
1973-06-06,744.5508
1973-06-13,744.9239
1973-06-20,749.6283
1973-06-27,749.2886
1973-07-04,756.5501
1973-07-11,753.8168
1973-07-18,754.8564
1973-07-25,760.6747
1973-08-01,764.6927
1973-08-08,762.2101
1973-08-15,769.6575
1973-08-22,764.2700
1973-08-29,761.9845
1973-09-05,767.7636
1973-09-12,773.8323
1973-09-19,768.4948
1973-09-26,773.0562
1973-10-03,772.5736
1973-10-10,777.5690
1973-10-17,771.5379
1973-10-24,789.3500
1973-10-31,785.7965
1973-11-07,789.8027
1973-11-14,788.9616
1973-11-21,784.3181
1973-11-28,784.0833
1973-12-05,793.7946
1973-12-12,797.6026
1973-12-19,799.3767
1973-12-26,792.5541
1974-01-02,808.9780
1974-01-09,804.8405
1974-01-16,806.9773
1974-01-23,806.9965
1974-01-30,805.8777
1974-02-06,809.4746
1974-02-13,814.7525
1974-02-20,816.4640
1974-02-27,809.6878
1974-03-06,819.3573
1974-03-13,820.3928
1974-03-20,823.4930
1974-03-27,830.3764
1974-04-03,832.3810
1974-04-10,836.6152
1974-04-17,838.0239
1974-04-24,835.1439
1974-05-01,841.6085
1974-05-08,838.0709
1974-05-15,846.0942
1974-05-22,842.2152
1974-05-29,848.3478
1974-06-05,849.9033
1974-06-12,856.4264
1974-06-19,850.6599
1974-06-26,862.8720
1974-07-03,857.3557
1974-07-10,859.0114
1974-07-17,858.7807
1974-07-24,862.1083
1974-07-31,866.9695
1974-08-07,866.0688
1974-08-14,866.1977
1974-08-21,863.0100
1974-08-28,867.5048
1974-09-04,875.4494
1974-09-11,871.3023
1974-09-18,865.9050
1974-09-25,870.7905
1974-10-02,868.2085
1974-10-09,865.8794
1974-10-16,879.5676
1974-10-23,874.5980
1974-10-30,870.1742
1974-11-06,877.4554
1974-11-13,879.1791
1974-11-20,876.6837
1974-11-27,884.3250
1974-12-04,883.4170
1974-12-11,889.5363
1974-12-18,885.1881
1974-12-25,888.7229
1975-01-01,887.2367
1975-01-08,881.2233
1975-01-15,880.8201
1975-01-22,881.3431
1975-01-29,869.7830
1975-02-05,880.1117
1975-02-12,873.7616
1975-02-19,877.8417
1975-02-26,870.6366
1975-03-05,886.9395
1975-03-12,884.9263
1975-03-19,878.4812
1975-03-26,887.4696
1975-04-02,886.3219
1975-04-09,889.2221
1975-04-16,890.9204
1975-04-23,882.5488
1975-04-30,889.3192
1975-05-07,883.9910
1975-05-14,885.8908
1975-05-21,886.4269
1975-05-28,891.2573
1975-06-04,895.1692
1975-06-11,901.3328
1975-06-18,897.8236
1975-06-25,898.7146
1975-07-02,891.6822
1975-07-09,895.4646
1975-07-16,894.6841
1975-07-23,889.4959
1975-07-30,888.3894
1975-08-06,893.3122
1975-08-13,893.5513
1975-08-20,892.4242
1975-08-27,897.4631
1975-09-03,902.0494
1975-09-10,899.3777
1975-09-17,894.8477
1975-09-24,895.6113
1975-10-01,906.4436
1975-10-08,901.4152
1975-10-15,910.2720
1975-10-22,902.6977
1975-10-29,898.9495
1975-11-05,907.7776
1975-11-12,917.8710
1975-11-19,902.3373
1975-11-26,919.0453
1975-12-03,913.6448
1975-12-10,919.5432
1975-12-17,916.1231
1975-12-24,921.9687
1975-12-31,923.9770
1976-01-07,920.6953
1976-01-14,918.4399
1976-01-21,915.7902
1976-01-28,914.9813
1976-02-04,921.5947
1976-02-11,918.2252
1976-02-18,926.4292
1976-02-25,913.4307
1976-03-03,926.5548
1976-03-10,928.6952
1976-03-17,926.0963
1976-03-24,929.3946
1976-03-31,927.0589
1976-04-07,930.9519
1976-04-14,931.9127
1976-04-21,931.4947
1976-04-28,924.3367
1976-05-05,934.1908
1976-05-12,932.7286
1976-05-19,930.1696
1976-05-26,930.7056
1976-06-02,937.5786
1976-06-09,937.8428
1976-06-16,942.5707
1976-06-23,940.5984
1976-06-30,948.7168
1976-07-07,949.2885
1976-07-14,944.7965
1976-07-21,942.9744
1976-07-28,938.5127
1976-08-04,949.8135
1976-08-11,948.4973
1976-08-18,948.2154
1976-08-25,950.0999
1976-09-01,952.3437
1976-09-08,959.5327
1976-09-15,959.4986
1976-09-22,955.3900
1976-09-29,961.7707
1976-10-06,967.0278
1976-10-13,972.5339
1976-10-20,967.6583
1976-10-27,966.7179
1976-11-03,977.1656
1976-11-10,968.5590
1976-11-17,974.0732
1976-11-24,983.0573
1976-12-01,988.2772
1976-12-08,993.9092
1976-12-15,1004.3796
1976-12-22,1005.0541
1976-12-29,997.0004
1977-01-05,1000.0030
1977-01-12,1000.6491
1977-01-19,996.7324
1977-01-26,994.4259
1977-02-02,990.6307
1977-02-09,991.5155
1977-02-16,990.6164
1977-02-23,1001.6620
1977-03-02,1004.4816
1977-03-09,1005.6762
1977-03-16,1016.2284
1977-03-23,1016.9574
1977-03-30,1017.0415
1977-04-06,1020.9722
1977-04-13,1023.5298
1977-04-20,1021.2904
1977-04-27,1020.0247
1977-05-04,1028.9165
1977-05-11,1024.2973
1977-05-18,1027.1097
1977-05-25,1028.2991
1977-06-01,1043.2091
1977-06-08,1039.2138
1977-06-15,1047.9566
1977-06-22,1039.0220
1977-06-29,1037.9300
1977-07-06,1048.6091
1977-07-13,1046.6252
1977-07-20,1049.0303
1977-07-27,1049.2820
1977-08-03,1052.1196
1977-08-10,1053.1595
1977-08-17,1052.0756
1977-08-24,1055.3381
1977-08-31,1064.0961
1977-09-07,1064.0090
1977-09-14,1067.8447
1977-09-21,1066.6658
1977-09-28,1068.8594
1977-10-05,1082.3722
1977-10-12,1081.9113
1977-10-19,1071.8243
1977-10-26,1076.2701
1977-11-02,1075.4609
1977-11-09,1088.7801
1977-11-16,1088.1866
1977-11-23,1087.2593
1977-11-30,1088.6819
1977-12-07,1096.3338
1977-12-14,1097.2559
1977-12-21,1106.2603
1977-12-28,1112.7820
1978-01-04,1113.0366
1978-01-11,1107.8820
1978-01-18,1106.1029
1978-01-25,1104.1255
1978-02-01,1109.2375
1978-02-08,1110.5452
1978-02-15,1105.5237
1978-02-22,1113.2986
1978-03-01,1119.5179
1978-03-08,1117.9168
1978-03-15,1131.8927
1978-03-22,1130.4475
1978-03-29,1131.1292
1978-04-05,1149.6588
1978-04-12,1142.3227
1978-04-19,1148.5479
1978-04-26,1145.0978
1978-05-03,1150.3649
1978-05-10,1153.5782
1978-05-17,1153.2712
1978-05-24,1157.1442
1978-05-31,1184.4177
1978-06-07,1173.4096
1978-06-14,1170.7350
1978-06-21,1174.2303
1978-06-28,1174.1691
1978-07-05,1182.9814
1978-07-12,1178.2332
1978-07-19,1178.4762
1978-07-26,1177.8926
1978-08-02,1183.4712
1978-08-09,1183.7162
1978-08-16,1191.9029
1978-08-23,1189.5742
1978-08-30,1188.5910
1978-09-06,1206.1845
1978-09-13,1199.1483
1978-09-20,1206.6256
1978-09-27,1212.1950
1978-10-04,1218.6893
1978-10-11,1221.2563
1978-10-18,1207.8514
1978-10-25,1227.8827
1978-11-01,1224.4311
1978-11-08,1237.3220
1978-11-15,1236.0152
1978-11-22,1243.7097
1978-11-29,1233.8229
1978-12-06,1244.3796
1978-12-13,1244.5599
1978-12-20,1256.1192
1978-12-27,1271.7895
1979-01-03,1264.8428
1979-01-10,1267.3372
1979-01-17,1268.6529
1979-01-24,1272.3963
1979-01-31,1273.6199
1979-02-07,1274.8344
1979-02-14,1271.4228
1979-02-21,1278.1505
1979-02-28,1286.0727
1979-03-07,1276.5633
1979-03-14,1291.0056
1979-03-21,1291.2760
1979-03-28,1295.0667
1979-04-04,1309.1151
1979-04-11,1316.3450
1979-04-18,1318.8951
1979-04-25,1320.3269
1979-05-02,1320.8165
1979-05-09,1320.9593
1979-05-16,1328.4886
1979-05-23,1324.9758
1979-05-30,1335.1569
1979-06-06,1339.0391
1979-06-13,1343.5379
1979-06-20,1352.6869
1979-06-27,1360.0041
1979-07-04,1367.1378
1979-07-11,1371.2842
1979-07-18,1363.8232
1979-07-25,1381.8209
1979-08-01,1384.1695
1979-08-08,1375.5139
1979-08-15,1384.3938
1979-08-22,1384.4902
1979-08-29,1390.5120
1979-09-05,1415.2776
1979-09-12,1411.1336
1979-09-19,1427.0556
1979-09-26,1418.2977
1979-10-03,1429.0033
1979-10-10,1445.1652
1979-10-17,1420.2987
1979-10-24,1430.9953
1979-10-31,1427.9117
1979-11-07,1416.2322
1979-11-14,1435.3897
1979-11-21,1431.6476
1979-11-28,1421.9913
1979-12-05,1435.2302
1979-12-12,1435.9097
1979-12-19,1428.6564
1979-12-26,1430.3288
1980-01-02,1437.0763
1980-01-09,1439.9029
1980-01-16,1440.0849
1980-01-23,1449.1466
1980-01-30,1437.5889
1980-02-06,1456.8440
1980-02-13,1462.6860
1980-02-20,1468.2686
1980-02-27,1457.8622
1980-03-05,1467.9465
1980-03-12,1468.9298
1980-03-19,1470.7435
1980-03-26,1475.5212
1980-04-02,1478.0707
1980-04-09,1481.0349
1980-04-16,1476.0285
1980-04-23,1480.7679
1980-04-30,1486.7256
1980-05-07,1479.1614
1980-05-14,1487.2993
1980-05-21,1486.6108
1980-05-28,1490.0542
1980-06-04,1478.7499
1980-06-11,1489.7532
1980-06-18,1485.8046
1980-06-25,1494.4777
1980-07-02,1489.1084
1980-07-09,1498.5414
1980-07-16,1504.6653
1980-07-23,1510.0735
1980-07-30,1502.4337
1980-08-06,1510.7024
1980-08-13,1513.4279
1980-08-20,1526.8900
1980-08-27,1522.6133
1980-09-03,1533.7954
1980-09-10,1525.3300
1980-09-17,1533.6022
1980-09-24,1534.2689
1980-10-01,1545.1840
1980-10-08,1542.2161
1980-10-15,1554.3601
1980-10-22,1556.1194
1980-10-29,1554.1817
1980-11-05,1574.1893
1980-11-12,1583.9194
1980-11-19,1569.6419
1980-11-26,1587.2264
1980-12-03,1573.3805
1980-12-10,1589.0080
1980-12-17,1584.5746
1980-12-24,1595.5714
1980-12-31,1590.3014
1981-01-07,1593.2125
1981-01-14,1599.6188
1981-01-21,1598.1372
1981-01-28,1602.7314
1981-02-04,1608.2786
1981-02-11,1610.1586
1981-02-18,1616.4010
1981-02-25,1618.6368
1981-03-04,1623.5387
1981-03-11,1623.3026
1981-03-18,1629.7038
1981-03-25,1635.4098
1981-04-01,1644.3315
1981-04-08,1637.1244
1981-04-15,1657.5726
1981-04-22,1655.1279
1981-04-29,1656.6242
1981-05-06,1657.0630
1981-05-13,1658.8830
1981-05-20,1662.3107
1981-05-27,1671.2806
1981-06-03,1662.3203
1981-06-10,1685.1843
1981-06-17,1682.3605
1981-06-24,1692.1576
1981-07-01,1681.4174
1981-07-08,1675.2339
1981-07-15,1692.7616
1981-07-22,1691.0274
1981-07-29,1672.5743
1981-08-05,1703.7277
1981-08-12,1698.9813
1981-08-19,1700.2501
1981-08-26,1708.9774
1981-09-02,1695.2731
1981-09-09,1704.4307
1981-09-16,1720.1455
1981-09-23,1716.0330
1981-09-30,1741.3140
1981-10-07,1666.5066
1981-10-14,1678.5433
1981-10-21,1679.1568
1981-10-28,1679.1947
1981-11-04,1687.5878
1981-11-11,1694.3987
1981-11-18,1700.4033
1981-11-25,1713.3162
1981-12-02,1713.4095
1981-12-09,1699.4609
1981-12-16,1693.9184
1981-12-23,1703.6999
1981-12-30,1685.7961
1982-01-06,1695.3889
1982-01-13,1701.6439
1982-01-20,1706.0048
1982-01-27,1711.5404
1982-02-03,1719.4162
1982-02-10,1714.3624
1982-02-17,1725.0777
1982-02-24,1712.4788
1982-03-03,1726.8601
1982-03-10,1725.1090
1982-03-17,1725.6257
1982-03-24,1729.8545
1982-03-31,1738.8189
1982-04-07,1742.2733
1982-04-14,1739.0789
1982-04-21,1737.4074
1982-04-28,1730.3522
1982-05-05,1746.8560
1982-05-12,1754.0795
1982-05-19,1745.9707
1982-05-26,1755.6862
1982-06-02,1765.7116
1982-06-09,1762.9822
1982-06-16,1756.4275
1982-06-23,1761.6666
1982-06-30,1768.9363
1982-07-07,1770.2400
1982-07-14,1769.2384
1982-07-21,1772.9619
1982-07-28,1788.2796
1982-08-04,1790.7915
1982-08-11,1793.1624
1982-08-18,1792.2497
1982-08-25,1803.4771
1982-09-01,1810.1080
1982-09-08,1804.9653
1982-09-15,1820.1505
1982-09-22,1806.3159
1982-09-29,1796.4633
1982-10-06,1811.5876
1982-10-13,1824.6019
1982-10-20,1824.1637
1982-10-27,1834.1413
1982-11-03,1838.2188
1982-11-10,1821.1217
1982-11-17,1818.0081
1982-11-24,1829.4726
1982-12-01,1831.0032
1982-12-08,1838.8424
1982-12-15,1844.3079
1982-12-22,1846.1007
1982-12-29,1833.4253
1983-01-05,1848.2340
1983-01-12,1861.9405
1983-01-19,1852.0884
1983-01-26,1868.4559
1983-02-02,1867.5120
1983-02-09,1860.7497
1983-02-16,1848.5544
1983-02-23,1865.0775
1983-03-02,1882.3094
1983-03-09,1862.9167
1983-03-16,1876.6869
1983-03-23,1867.1367
1983-03-30,1868.8176
1983-04-06,1884.2024
1983-04-13,1875.2659
1983-04-20,1875.5347
1983-04-27,1879.3370
1983-05-04,1886.4309
1983-05-11,1889.4416
1983-05-18,1886.8338
1983-05-25,1887.1162
1983-06-01,1909.6570
1983-06-08,1895.2147
1983-06-15,1906.9873
1983-06-22,1904.0069
1983-06-29,1902.6680
1983-07-06,1930.2819
1983-07-13,1920.1196
1983-07-20,1927.0052
1983-07-27,1936.4405
1983-08-03,1932.1340
1983-08-10,1932.3070
1983-08-17,1927.3175
1983-08-24,1939.1671
1983-08-31,1942.9154
1983-09-07,1941.4087
1983-09-14,1935.8111
1983-09-21,1946.7734
1983-09-28,1937.3063
1983-10-05,1966.0410
1983-10-12,1975.0591
1983-10-19,1958.7847
1983-10-26,1974.6441
1983-11-02,1966.5443
1983-11-09,1969.2000
1983-11-16,1977.0746
1983-11-23,1985.6664
1983-11-30,1975.7388
1983-12-07,1983.4541
1983-12-14,1983.4466
1983-12-21,1981.4345
1983-12-28,1978.9095
1984-01-04,2013.1601
1984-01-11,2009.9796
1984-01-18,1997.9104
1984-01-25,2011.8073
1984-02-01,2019.6526
1984-02-08,2012.0347
1984-02-15,2023.4836
1984-02-22,2020.3977
1984-02-29,2029.4930
1984-03-07,2017.7035
1984-03-14,2044.2532
1984-03-21,2035.5768
1984-03-28,2039.1161
1984-04-04,2053.2995
1984-04-11,2060.1067
1984-04-18,2059.6204
1984-04-25,2078.7444
1984-05-02,2074.5907
1984-05-09,2092.0276
1984-05-16,2090.6717
1984-05-23,2099.5718
1984-05-30,2085.3177
1984-06-06,2102.3063
1984-06-13,2092.5172
1984-06-20,2118.9467
1984-06-27,2107.1089
1984-07-04,2122.0524
1984-07-11,2113.4169
1984-07-18,2115.4118
1984-07-25,2123.3719
1984-08-01,2124.7454
1984-08-08,2118.4609
1984-08-15,2130.2862
1984-08-22,2125.1950
1984-08-29,2119.0012
1984-09-05,2131.0880
1984-09-12,2143.0630
1984-09-19,2140.0112
1984-09-26,2142.4318
1984-10-03,2133.3855
1984-10-10,2154.4055
1984-10-17,2124.4421
1984-10-24,2153.5156
1984-10-31,2160.8838
1984-11-07,2166.8987
1984-11-14,2170.4445
1984-11-21,2175.9193
1984-11-28,2151.0934
1984-12-05,2175.0882
1984-12-12,2174.9946
1984-12-19,2178.7633
1984-12-26,2189.4519
1985-01-02,2187.5999
1985-01-09,2180.2556
1985-01-16,2191.4893
1985-01-23,2189.9432
1985-01-30,2190.3852
1985-02-06,2202.2180
1985-02-13,2212.5892
1985-02-20,2219.3378
1985-02-27,2223.6029
1985-03-06,2215.5781
1985-03-13,2222.5783
1985-03-20,2228.3627
1985-03-27,2227.2038
1985-04-03,2215.9318
1985-04-10,2226.5264
1985-04-17,2217.8641
1985-04-24,2225.6542
1985-05-01,2245.7032
1985-05-08,2242.0209
1985-05-15,2263.4580
1985-05-22,2252.8618
1985-05-29,2241.3688
1985-06-05,2267.9080
1985-06-12,2271.7105
1985-06-19,2279.2319
1985-06-26,2273.4605
1985-07-03,2279.6433
1985-07-10,2276.5062
1985-07-17,2275.2637
1985-07-24,2281.9229
1985-07-31,2290.0346
1985-08-07,2281.0732
1985-08-14,2289.3375
1985-08-21,2288.3848
1985-08-28,2289.3963
1985-09-04,2309.8338
1985-09-11,2301.9949
1985-09-18,2302.4567
1985-09-25,2305.5951
1985-10-02,2317.1832
1985-10-09,2308.8830
1985-10-16,2312.4896
1985-10-23,2310.7985
1985-10-30,2307.3759
1985-11-06,2331.3494
1985-11-13,2335.0867
1985-11-20,2345.6936
1985-11-27,2359.4577
1985-12-04,2365.8344
1985-12-11,2364.7504
1985-12-18,2377.7543
1985-12-25,2382.8275
1986-01-01,2395.3604
1986-01-08,2391.2926
1986-01-15,2403.0767
1986-01-22,2396.0133
1986-01-29,2384.2027
1986-02-05,2401.1240
1986-02-12,2395.9160
1986-02-19,2408.5272
1986-02-26,2402.5837
1986-03-05,2419.7939
1986-03-12,2425.9455
1986-03-19,2419.9377
1986-03-26,2435.7760
1986-04-02,2428.1305
1986-04-09,2435.7255
1986-04-16,2435.5830
1986-04-23,2453.4332
1986-04-30,2449.0316
1986-05-07,2441.4941
1986-05-14,2439.5101
1986-05-21,2449.3685
1986-05-28,2454.5570
1986-06-04,2447.2976
1986-06-11,2451.5738
1986-06-18,2448.6935
1986-06-25,2460.0433
1986-07-02,2465.5179
1986-07-09,2471.4224
1986-07-16,2486.4204
1986-07-23,2483.8653
1986-07-30,2484.6977
1986-08-06,2492.6185
1986-08-13,2491.8528
1986-08-20,2500.8399
1986-08-27,2519.0327
1986-09-03,2531.3789
1986-09-10,2513.5747
1986-09-17,2527.0921
1986-09-24,2518.3319
1986-10-01,2546.0458
1986-10-08,2524.9869
1986-10-15,2542.0577
1986-10-22,2532.2486
1986-10-29,2518.6352
1986-11-05,2537.3425
1986-11-12,2560.2968
1986-11-19,2546.1494
1986-11-26,2565.3500
1986-12-03,2558.4697
1986-12-10,2572.2587
1986-12-17,2572.7700
1986-12-24,2613.0547
1986-12-31,2634.0410
1987-01-07,2623.7517
1987-01-14,2612.9369
1987-01-21,2623.5083
1987-01-28,2640.7959
1987-02-04,2623.2896
1987-02-11,2625.8001
1987-02-18,2624.9967
1987-02-25,2626.9831
1987-03-04,2626.8848
1987-03-11,2637.0771
1987-03-18,2630.4027
1987-03-25,2645.8515
1987-04-01,2663.8283
1987-04-08,2655.9257
1987-04-15,2679.5659
1987-04-22,2678.8837
1987-04-29,2658.6823
1987-05-06,2666.2024
1987-05-13,2668.2594
1987-05-20,2679.8645
1987-05-27,2701.8446
1987-06-03,2666.1859
1987-06-10,2682.0173
1987-06-17,2667.5175
1987-06-24,2693.4880
1987-07-01,2680.5197
1987-07-08,2658.7417
1987-07-15,2686.3553
1987-07-22,2675.0411
1987-07-29,2671.3095
1987-08-05,2681.8266
1987-08-12,2693.3495
1987-08-19,2685.0490
1987-08-26,2712.6980
1987-09-02,2671.1483
1987-09-09,2710.8945
1987-09-16,2713.3784
1987-09-23,2723.4006
1987-09-30,2726.2687
1987-10-07,2714.0530
1987-10-14,2725.9307
1987-10-21,2749.0010
1987-10-28,2766.5989
1987-11-04,2742.2114
1987-11-11,2736.7426
1987-11-18,2725.7699
1987-11-25,2730.5097
1987-12-02,2727.4971
1987-12-09,2728.9807
1987-12-16,2733.6376
1987-12-23,2738.2565
1987-12-30,2726.7219
1988-01-06,2745.2098
1988-01-13,2748.2330
1988-01-20,2758.6515
1988-01-27,2767.7819
1988-02-03,2769.2766
1988-02-10,2771.9347
1988-02-17,2776.7218
1988-02-24,2755.0710
1988-03-02,2767.5361
1988-03-09,2765.1760
1988-03-16,2783.9027
1988-03-23,2790.9033
1988-03-30,2773.9453
1988-04-06,2805.7039
1988-04-13,2788.9566
1988-04-20,2813.7888
1988-04-27,2807.3989
1988-05-04,2831.5189
1988-05-11,2834.9575
1988-05-18,2828.9927
1988-05-25,2819.4693
1988-06-01,2862.5931
1988-06-08,2845.9228
1988-06-15,2886.0267
1988-06-22,2857.5757
1988-06-29,2851.6615
1988-07-06,2876.0069
1988-07-13,2871.3522
1988-07-20,2877.1570
1988-07-27,2883.2793
1988-08-03,2868.7541
1988-08-10,2885.4503
1988-08-17,2873.9889
1988-08-24,2885.0154
1988-08-31,2869.1441
1988-09-07,2882.7976
1988-09-14,2873.6787
1988-09-21,2897.5796
1988-09-28,2874.1822
1988-10-05,2899.3981
1988-10-12,2898.5523
1988-10-19,2901.4194
1988-10-26,2902.3540
1988-11-02,2916.1246
1988-11-09,2899.8685
1988-11-16,2919.3978
1988-11-23,2918.1300
1988-11-30,2925.6542
1988-12-07,2924.5791
1988-12-14,2926.0820
1988-12-21,2925.0471
1988-12-28,2929.5912
1989-01-04,2938.5793
1989-01-11,2947.0558
1989-01-18,2938.6630
1989-01-25,2945.1714
1989-02-01,2960.8749
1989-02-08,2961.4240
1989-02-15,2965.1478
1989-02-22,2974.5691
1989-03-01,2999.3414
1989-03-08,2965.2245
1989-03-15,2991.2245
1989-03-22,2985.0135
1989-03-29,2975.6448
1989-04-05,2981.3954
1989-04-12,2979.9448
1989-04-19,2986.7395
1989-04-26,2992.1961
1989-05-03,3006.2231
1989-05-10,2996.9954
1989-05-17,3017.6441
1989-05-24,3014.4350
1989-05-31,3024.5284
1989-06-07,3011.6065
1989-06-14,3017.3856
1989-06-21,3024.2659
1989-06-28,3018.0658
1989-07-05,3034.9989
1989-07-12,3053.6303
1989-07-19,3028.8826
1989-07-26,3070.1147
1989-08-02,3056.3092
1989-08-09,3071.5275
1989-08-16,3063.2460
1989-08-23,3079.2472
1989-08-30,3054.6264
1989-09-06,3082.5960
1989-09-13,3069.7579
1989-09-20,3092.9790
1989-09-27,3075.3442
1989-10-04,3093.7796
1989-10-11,3091.7015
1989-10-18,3096.9327
1989-10-25,3102.7823
1989-11-01,3148.9799
1989-11-08,3100.4717
1989-11-15,3122.2440
1989-11-22,3117.2245
1989-11-29,3115.1861
1989-12-06,3123.5051
1989-12-13,3134.2525
1989-12-20,3130.9285
1989-12-27,3140.2956
1990-01-03,3132.4391
1990-01-10,3155.3792
1990-01-17,3155.6482
1990-01-24,3152.6722
1990-01-31,3160.8589
1990-02-07,3159.9432
1990-02-14,3151.3128
1990-02-21,3176.8822
1990-02-28,3174.1571
1990-03-07,3176.8755
1990-03-14,3185.5151
1990-03-21,3187.8871
1990-03-28,3185.3062
1990-04-04,3191.1407
1990-04-11,3191.2091
1990-04-18,3199.2691
1990-04-25,3199.0997
1990-05-02,3206.0746
1990-05-09,3199.3077
1990-05-16,3210.9761
1990-05-23,3209.6182
1990-05-30,3203.3855
1990-06-06,3217.1018
1990-06-13,3234.4063
1990-06-20,3236.5472
1990-06-27,3248.2243
1990-07-04,3234.9365
1990-07-11,3244.9121
1990-07-18,3243.4429
1990-07-25,3266.9750
1990-08-01,3271.2418
1990-08-08,3271.2545
1990-08-15,3299.6877
1990-08-22,3290.4341
1990-08-29,3261.9640
1990-09-05,3298.7497
1990-09-12,3265.0215
1990-09-19,3282.4437
1990-09-26,3268.5406
1990-10-03,3280.7873
1990-10-10,3285.9506
1990-10-17,3254.6477
1990-10-24,3273.9134
1990-10-31,3286.3780
1990-11-07,3264.7399
1990-11-14,3300.3880
1990-11-21,3283.0867
1990-11-28,3270.2443
1990-12-05,3278.8521
1990-12-12,3294.4245
1990-12-19,3275.0439
1990-12-26,3287.0482
1991-01-02,3286.8193
1991-01-09,3276.5713
1991-01-16,3255.3197
1991-01-23,3302.3167
1991-01-30,3265.6373
1991-02-06,3297.7994
1991-02-13,3281.2763
1991-02-20,3304.5112
1991-02-27,3287.2531
1991-03-06,3301.1967
1991-03-13,3301.0008
1991-03-20,3311.5153
1991-03-27,3299.7479
1991-04-03,3302.8029
1991-04-10,3300.0323
1991-04-17,3298.8446
1991-04-24,3283.6567
1991-05-01,3331.3696
1991-05-08,3280.5212
1991-05-15,3321.8163
1991-05-22,3285.4476
1991-05-29,3298.6708
1991-06-05,3297.0438
1991-06-12,3310.4163
1991-06-19,3290.8733
1991-06-26,3331.9506
1991-07-03,3281.4379
1991-07-10,3304.8570
1991-07-17,3279.0211
1991-07-24,3302.6731
1991-07-31,3313.8509
1991-08-07,3309.9562
1991-08-14,3295.2711
1991-08-21,3317.5763
1991-08-28,3299.2821
1991-09-04,3324.5000
1991-09-11,3292.9627
1991-09-18,3326.4530
1991-09-25,3326.4767
1991-10-02,3338.0596
1991-10-09,3309.6395
1991-10-16,3364.1960
1991-10-23,3335.9736
1991-10-30,3339.6847
1991-11-06,3341.6378
1991-11-13,3377.8835
1991-11-20,3351.7817
1991-11-27,3375.0539
1991-12-04,3359.0541
1991-12-11,3381.3330
1991-12-18,3353.5492
1991-12-25,3398.3078
1992-01-01,3357.6511
1992-01-08,3380.2826
1992-01-15,3398.2238
1992-01-22,3409.8440
1992-01-29,3385.8507
1992-02-05,3405.5897
1992-02-12,3393.2620
1992-02-19,3410.3167
1992-02-26,3382.7145
1992-03-04,3407.9325
1992-03-11,3398.4315
1992-03-18,3393.2695
1992-03-25,3404.0001
1992-04-01,3426.9022
1992-04-08,3393.0205
1992-04-15,3448.8070
1992-04-22,3402.1012
1992-04-29,3387.5277
1992-05-06,3397.3621
1992-05-13,3401.8394
1992-05-20,3400.4412
1992-05-27,3413.0184
1992-06-03,3386.7538
1992-06-10,3417.0436
1992-06-17,3391.6891
1992-06-24,3416.4832
1992-07-01,3437.4817
1992-07-08,3398.0843
1992-07-15,3420.8476
1992-07-22,3417.1640
1992-07-29,3382.4572
1992-08-05,3426.8911
1992-08-12,3411.5552
1992-08-19,3413.7473
1992-08-26,3422.2256
1992-09-02,3429.8077
1992-09-09,3426.3869
1992-09-16,3452.6234
1992-09-23,3417.3410
1992-09-30,3453.3199
1992-10-07,3425.5427
1992-10-14,3459.1997
1992-10-21,3435.3212
1992-10-28,3438.5950
1992-11-04,3447.1243
1992-11-11,3468.8881
1992-11-18,3438.2036
1992-11-25,3474.2521
1992-12-02,3456.0769
1992-12-09,3468.3932
1992-12-16,3457.4510
1992-12-23,3477.9704
1992-12-30,3445.9480
1993-01-06,3467.7745
1993-01-13,3448.1133
1993-01-20,3452.0427
1993-01-27,3439.5616
1993-02-03,3463.5721
1993-02-10,3453.3048
1993-02-17,3466.1586
1993-02-24,3433.8998
1993-03-03,3476.4465
1993-03-10,3462.3082
1993-03-17,3473.9116
1993-03-24,3476.2636
1993-03-31,3497.6463
1993-04-07,3486.2543
1993-04-14,3490.0690
1993-04-21,3471.5077
1993-04-28,3491.0265
1993-05-05,3496.8013
1993-05-12,3524.8850
1993-05-19,3503.4656
1993-05-26,3527.8171
1993-06-02,3534.3585
1993-06-09,3553.3226
1993-06-16,3544.0215
1993-06-23,3556.4167
1993-06-30,3544.4958
1993-07-07,3590.5094
1993-07-14,3565.7446
1993-07-21,3578.6790
1993-07-28,3560.2884
1993-08-04,3585.4385
1993-08-11,3580.3588
1993-08-18,3578.0794
1993-08-25,3578.1607
1993-09-01,3606.5136
1993-09-08,3574.5818
1993-09-15,3632.7058
1993-09-22,3580.8963
1993-09-29,3595.6494
1993-10-06,3576.2473
1993-10-13,3591.6525
1993-10-20,3581.2742
1993-10-27,3594.4290
1993-11-03,3581.3875
1993-11-10,3595.9712
1993-11-17,3577.4627
1993-11-24,3611.2466
1993-12-01,3622.7664
1993-12-08,3616.9997
1993-12-15,3631.6972
1993-12-22,3611.7594
1993-12-29,3600.1169
1994-01-05,3647.6844
1994-01-12,3657.2364
1994-01-19,3669.0562
1994-01-26,3653.3391
1994-02-02,3670.8818
1994-02-09,3673.7569
1994-02-16,3662.0890
1994-02-23,3665.5105
1994-03-02,3681.1860
1994-03-09,3665.7704
1994-03-16,3689.2385
1994-03-23,3703.0986
1994-03-30,3714.1037
1994-04-06,3708.3312
1994-04-13,3698.7507
1994-04-20,3689.3627
1994-04-27,3704.7238
1994-05-04,3697.7664
1994-05-11,3726.6651
1994-05-18,3707.4815
1994-05-25,3724.8132
1994-06-01,3736.3930
1994-06-08,3711.7354
1994-06-15,3731.2115
1994-06-22,3726.6325
1994-06-29,3727.4704
1994-07-06,3762.0148
1994-07-13,3761.4544
1994-07-20,3767.8494
1994-07-27,3779.5114
1994-08-03,3764.0220
1994-08-10,3769.8331
1994-08-17,3769.5137
1994-08-24,3789.8607
1994-08-31,3799.0648
1994-09-07,3775.7654
1994-09-14,3783.9999
1994-09-21,3797.0103
1994-09-28,3789.8254
1994-10-05,3794.2642
1994-10-12,3810.4909
1994-10-19,3798.3315
1994-10-26,3814.2816
1994-11-02,3813.1868
1994-11-09,3794.0122
1994-11-16,3808.8852
1994-11-23,3836.3110
1994-11-30,3826.8623
1994-12-07,3823.9401
1994-12-14,3825.9888
1994-12-21,3847.2216
1994-12-28,3853.3053
1995-01-04,3873.4927
1995-01-11,3865.9662
1995-01-18,3875.9879
1995-01-25,3879.1098
1995-02-01,3912.8515
1995-02-08,3864.3258
1995-02-15,3891.5845
1995-02-22,3889.5233
1995-03-01,3933.6617
1995-03-08,3903.4452
1995-03-15,3954.0133
1995-03-22,3922.1418
1995-03-29,3932.9532
1995-04-05,3965.3144
1995-04-12,3976.9851
1995-04-19,3988.7689
1995-04-26,4010.6074
1995-05-03,3994.6260
1995-05-10,4017.2569
1995-05-17,3999.9942
1995-05-24,4026.0932
1995-05-31,4036.6692
1995-06-07,4032.7865
1995-06-14,4030.5085
1995-06-21,4042.0927
1995-06-28,4023.0084
1995-07-05,4068.3776
1995-07-12,4060.5141
1995-07-19,4070.8364
1995-07-26,4087.7943
1995-08-02,4092.5854
1995-08-09,4090.0853
1995-08-16,4090.4517
1995-08-23,4097.9597
1995-08-30,4078.6262
1995-09-06,4112.7495
1995-09-13,4116.3023
1995-09-20,4126.7871
1995-09-27,4133.2214
1995-10-04,4113.9249
1995-10-11,4136.2214
1995-10-18,4105.0570
1995-10-25,4148.4070
1995-11-01,4168.5017
1995-11-08,4141.1986
1995-11-15,4149.1705
1995-11-22,4147.2215
1995-11-29,4106.0054
1995-12-06,4151.3741
1995-12-13,4145.2845
1995-12-20,4176.7865
1995-12-27,4175.8104
1996-01-03,4222.6733
1996-01-10,4208.8082
1996-01-17,4218.6214
1996-01-24,4180.8784
1996-01-31,4198.8977
1996-02-07,4176.5507
1996-02-14,4192.0512
1996-02-21,4203.6217
1996-02-28,4201.5076
1996-03-06,4179.7074
1996-03-13,4202.7057
1996-03-20,4199.8550
1996-03-27,4209.2780
1996-04-03,4203.6783
1996-04-10,4231.0948
1996-04-17,4217.0616
1996-04-24,4241.0449
1996-05-01,4235.3897
1996-05-08,4248.3603
1996-05-15,4242.5670
1996-05-22,4242.4786
1996-05-29,4216.2752
1996-06-05,4253.7022
1996-06-12,4249.5386
1996-06-19,4256.3496
1996-06-26,4249.0055
1996-07-03,4249.0766
1996-07-10,4253.7552
1996-07-17,4272.0004
1996-07-24,4270.3895
1996-07-31,4279.4625
1996-08-07,4264.6864
1996-08-14,4279.7882
1996-08-21,4266.7284
1996-08-28,4258.0513
1996-09-04,4286.2279
1996-09-11,4280.0227
1996-09-18,4289.1127
1996-09-25,4313.0611
1996-10-02,4313.9516
1996-10-09,4302.5394
1996-10-16,4330.0190
1996-10-23,4327.4960
1996-10-30,4288.9263
1996-11-06,4328.2638
1996-11-13,4364.6171
1996-11-20,4338.9420
1996-11-27,4376.9411
1996-12-04,4369.5399
1996-12-11,4368.5208
1996-12-18,4374.2687
1996-12-25,4388.6224
1997-01-01,4386.7005
1997-01-08,4390.8902
1997-01-15,4384.0938
1997-01-22,4436.1191
1997-01-29,4416.2786
1997-02-05,4442.4619
1997-02-12,4450.7447
1997-02-19,4468.4411
1997-02-26,4457.7715
1997-03-05,4491.1390
1997-03-12,4499.9086
1997-03-19,4490.8645
1997-03-26,4518.3985
1997-04-02,4508.5062
1997-04-09,4535.2898
1997-04-16,4534.8595
1997-04-23,4557.5309
1997-04-30,4578.8086
1997-05-07,4568.2487
1997-05-14,4560.8224
1997-05-21,4594.2017
1997-05-28,4591.3683
1997-06-04,4569.6679
1997-06-11,4584.1036
1997-06-18,4573.7365
1997-06-25,4589.9274
1997-07-02,4592.7546
1997-07-09,4592.5959
1997-07-16,4625.9870
1997-07-23,4632.6989
1997-07-30,4644.4790
1997-08-06,4650.6231
1997-08-13,4634.9078
1997-08-20,4669.1036
1997-08-27,4668.0164
1997-09-03,4690.6686
1997-09-10,4660.1693
1997-09-17,4674.2466
1997-09-24,4664.5207
1997-10-01,4721.7264
1997-10-08,4699.0588
1997-10-15,4719.8173
1997-10-22,4714.2852
1997-10-29,4714.7522
1997-11-05,4743.7589
1997-11-12,4794.6018
1997-11-19,4737.4862
1997-11-26,4804.7007
1997-12-03,4777.9134
1997-12-10,4787.5006
1997-12-17,4761.8924
1997-12-24,4794.5762
1997-12-31,4803.4979
1998-01-07,4827.7490
1998-01-14,4817.5843
1998-01-21,4848.0118
1998-01-28,4834.7132
1998-02-04,4834.8374
1998-02-11,4856.9042
1998-02-18,4881.5395
1998-02-25,4869.7787
1998-03-04,4893.8973
1998-03-11,4909.6731
1998-03-18,4910.8642
1998-03-25,4935.7650
1998-04-01,4997.3406
1998-04-08,4951.5608
1998-04-15,4969.5923
1998-04-22,4941.1881
1998-04-29,4917.7982
1998-05-06,4941.8330
1998-05-13,4940.0581
1998-05-20,4953.0369
1998-05-27,4963.7666
1998-06-03,4941.1970
1998-06-10,4986.5657
1998-06-17,4970.4031
1998-06-24,4995.3452
1998-07-01,5031.3908
1998-07-08,4972.3956
1998-07-15,5015.5727
1998-07-22,5008.7643
1998-07-29,5025.9964
1998-08-05,5041.7692
1998-08-12,5059.4220
1998-08-19,5042.5389
1998-08-26,5084.8132
1998-09-02,5093.0559
1998-09-09,5121.2543
1998-09-16,5104.1271
1998-09-23,5117.6999
1998-09-30,5156.3638
1998-10-07,5167.3085
1998-10-14,5188.1987
1998-10-21,5223.7234
1998-10-28,5229.9157
1998-11-04,5234.1536
1998-11-11,5238.8131
1998-11-18,5252.5479
1998-11-25,5251.9006
1998-12-02,5242.9256
1998-12-09,5258.6109
1998-12-16,5257.6056
1998-12-23,5257.2289
1998-12-30,5239.4709
1999-01-06,5239.4300
1999-01-13,5253.2575
1999-01-20,5278.5453
1999-01-27,5248.3040
1999-02-03,5252.4796
1999-02-10,5255.1790
1999-02-17,5249.3322
1999-02-24,5236.4953
1999-03-03,5234.3443
1999-03-10,5233.6865
1999-03-17,5220.3501
1999-03-24,5246.7120
1999-03-31,5239.1569
1999-04-07,5234.5962
1999-04-14,5241.1190
1999-04-21,5239.7441
1999-04-28,5254.9524
1999-05-05,5250.6904
1999-05-12,5269.7412
1999-05-19,5274.7152
1999-05-26,5274.5739
1999-06-02,5299.9548
1999-06-09,5294.6389
1999-06-16,5313.1895
1999-06-23,5356.5953
1999-06-30,5323.9463
1999-07-07,5333.3871
1999-07-14,5333.2144
1999-07-21,5319.1970
1999-07-28,5303.4197
1999-08-04,5293.1952
1999-08-11,5324.6930
1999-08-18,5324.4856
1999-08-25,5345.8838
1999-09-01,5333.5214
1999-09-08,5339.3578
1999-09-15,5360.7390
1999-09-22,5387.4799
1999-09-29,5372.8999
1999-10-06,5369.4595
1999-10-13,5376.7278
1999-10-20,5396.0711
1999-10-27,5420.8862
1999-11-03,5418.1723
1999-11-10,5419.9938
1999-11-17,5457.5281
1999-11-24,5508.3697
1999-12-01,5530.8093
1999-12-08,5524.3972
1999-12-15,5564.6034
1999-12-22,5596.3038
1999-12-29,5579.6640
2000-01-05,5553.5639
2000-01-12,5579.8570
2000-01-19,5581.0952
2000-01-26,5601.2011
2000-02-02,5602.3795
2000-02-09,5613.1696
2000-02-16,5612.2231
2000-02-23,5648.0663
2000-03-01,5685.9363
2000-03-08,5692.5531
2000-03-15,5704.8496
2000-03-22,5715.1073
2000-03-29,5698.1229
2000-04-05,5720.8891
2000-04-12,5734.0647
2000-04-19,5759.8613
2000-04-26,5800.0996
2000-05-03,5812.1429
2000-05-10,5828.7018
2000-05-17,5841.1182
2000-05-24,5844.4260
2000-05-31,5866.2991
2000-06-07,5844.4036
2000-06-14,5852.4244
2000-06-21,5902.4460
2000-06-28,5887.9594
2000-07-05,5910.4076
2000-07-12,5897.0145
2000-07-19,5920.8927
2000-07-26,5933.1269
2000-08-02,5909.8088
2000-08-09,5928.9184
2000-08-16,5930.3189
2000-08-23,5964.5159
2000-08-30,5927.0026
2000-09-06,5964.4941
2000-09-13,5946.5359
2000-09-20,6009.3451
2000-09-27,5959.4991
2000-10-04,5968.7869
2000-10-11,5974.4513
2000-10-18,5978.5060
2000-10-25,5988.9890
2000-11-01,6013.2358
2000-11-08,5965.9500
2000-11-15,5982.1215
2000-11-22,6005.7855
2000-11-29,5993.8601
2000-12-06,6029.2290
2000-12-13,6034.2572
2000-12-20,6060.8621
2000-12-27,6101.0735
2001-01-03,6138.7319
2001-01-10,6139.6360
2001-01-17,6140.8006
2001-01-24,6133.7527
2001-01-31,6164.7452
2001-02-07,6105.5091
2001-02-14,6098.7711
2001-02-21,6130.7575
2001-02-28,6183.7917
2001-03-07,6162.5861
2001-03-14,6178.0516
2001-03-21,6227.7053
2001-03-28,6197.6498
2001-04-04,6224.8063
2001-04-11,6228.7131
2001-04-18,6249.3255
2001-04-25,6239.2297
2001-05-02,6225.0548
2001-05-09,6227.2977
2001-05-16,6218.7171
2001-05-23,6213.0621
2001-05-30,6233.3179
2001-06-06,6211.1500
2001-06-13,6209.7306
2001-06-20,6216.8023
2001-06-27,6210.1654
2001-07-04,6213.5145
2001-07-11,6204.9379
2001-07-18,6220.8435
2001-07-25,6245.0678
2001-08-01,6280.6483
2001-08-08,6234.7525
2001-08-15,6233.8934
2001-08-22,6261.4423
2001-08-29,6259.9823
2001-09-05,6301.9239
2001-09-12,6727.0933
2001-09-19,6472.3981
2001-09-26,6383.6019
2001-10-03,6370.6650
2001-10-10,6371.9238
2001-10-17,6360.9599
2001-10-24,6359.4749
2001-10-31,6424.7822
2001-11-07,6398.9412
2001-11-14,6439.2522
2001-11-21,6404.2601
2001-11-28,6368.5695
2001-12-05,6407.2770
2001-12-12,6409.6262
2001-12-19,6368.1118
2001-12-26,6395.2209
2002-01-02,6384.7139
2002-01-09,6399.5875
2002-01-16,6354.9256
2002-01-23,6396.8786
2002-01-30,6361.2915
2002-02-06,6373.7892
2002-02-13,6363.5216
2002-02-20,6385.6149
2002-02-27,6365.8260
2002-03-06,6349.3248
2002-03-13,6328.5614
2002-03-20,6361.8512
2002-03-27,6371.5477
2002-04-03,6378.1301
2002-04-10,6383.2091
2002-04-17,6381.2156
2002-04-24,6372.5563
2002-05-01,6395.7898
2002-05-08,6365.4618
2002-05-15,6402.8052
2002-05-22,6408.6920
2002-05-29,6414.7221
2002-06-05,6409.8942
2002-06-12,6431.9210
2002-06-19,6440.3986
2002-06-26,6467.3014
2002-07-03,6415.6344
2002-07-10,6454.9670
2002-07-17,6459.4046
2002-07-24,6521.3087
2002-07-31,6528.5935
2002-08-07,6537.3343
2002-08-14,6587.5440
2002-08-21,6598.3523
2002-08-28,6592.8935
2002-09-04,6666.4038
2002-09-11,6598.1691
2002-09-18,6648.2571
2002-09-25,6653.6342
2002-10-02,6720.9242
2002-10-09,6704.7469
2002-10-16,6756.8397
2002-10-23,6746.2227
2002-10-30,6775.1661
2002-11-06,6809.0905
2002-11-13,6861.7235
2002-11-20,6815.5688
2002-11-27,6863.1017
2002-12-04,6845.9073
2002-12-11,6943.7493
2002-12-18,6945.0947
2002-12-25,6983.5472
2003-01-01,6914.3647
2003-01-08,6910.3750
2003-01-15,6908.5578
2003-01-22,6913.8984
2003-01-29,6898.0769
2003-02-05,6960.0958
2003-02-12,6965.4197
2003-02-19,7009.8468
2003-02-26,7006.4927
2003-03-05,7067.9482
2003-03-12,7074.0159
2003-03-19,7043.9882
2003-03-26,7021.2858
2003-04-02,7062.8226
2003-04-09,7036.8557
2003-04-16,7064.7397
2003-04-23,7064.4905
2003-04-30,7143.3057
2003-05-07,7164.5049
2003-05-14,7201.2155
2003-05-21,7193.4121
2003-05-28,7224.5446
2003-06-04,7245.7770
2003-06-11,7302.4320
2003-06-18,7252.7376
2003-06-25,7291.9944
2003-07-02,7337.6054
2003-07-09,7320.1330
2003-07-16,7300.4685
2003-07-23,7320.7362
2003-07-30,7312.1986
2003-08-06,7339.6795
2003-08-13,7323.2427
2003-08-20,7308.4888
2003-08-27,7259.6354
2003-09-03,7315.6843
2003-09-10,7274.0338
2003-09-17,7249.8672
2003-09-24,7204.4037
2003-10-01,7312.2636
2003-10-08,7215.9539
2003-10-15,7280.4220
2003-10-22,7252.9045
2003-10-29,7236.6235
2003-11-05,7243.7074
2003-11-12,7308.4141
2003-11-19,7272.2973
2003-11-26,7285.2145
2003-12-03,7238.0162
2003-12-10,7276.3031
2003-12-17,7333.6441
2003-12-24,7345.7169
2003-12-31,7329.8888
2004-01-07,7351.9575
2004-01-14,7380.7215
2004-01-21,7411.8737
2004-01-28,7446.2219
2004-02-04,7457.1525
2004-02-11,7522.7501
2004-02-18,7602.1261
2004-02-25,7466.4913
2004-03-03,7498.9472
2004-03-10,7536.0731
2004-03-17,7556.0081
2004-03-24,7580.5825
2004-03-31,7600.9478
2004-04-07,7609.9825
2004-04-14,7655.4521
2004-04-21,7661.6174
2004-04-28,7652.7650
2004-05-05,7641.2435
2004-05-12,7684.1190
2004-05-19,7660.9053
2004-05-26,7660.0240
2004-06-02,7686.1047
2004-06-09,7714.1538
2004-06-16,7726.7709
2004-06-23,7775.5101
2004-06-30,7790.4289
2004-07-07,7864.0156
2004-07-14,7856.1956
2004-07-21,7860.6613
2004-07-28,7838.5711
2004-08-04,7846.5902
2004-08-11,7877.1675
2004-08-18,7870.1420
2004-08-25,7872.8261
2004-09-01,7885.7778
2004-09-08,7908.6481
2004-09-15,7965.9889
2004-09-22,7976.4841
2004-09-29,7951.3776
2004-10-06,7927.9266
2004-10-13,7966.8503
2004-10-20,7985.2334
2004-10-27,7975.7830
2004-11-03,7983.5578
2004-11-10,8009.5091
2004-11-17,7953.4195
2004-11-24,8031.0373
2004-12-01,8042.8774
2004-12-08,8057.3811
2004-12-15,8057.3331
2004-12-22,8023.5499
2004-12-29,8010.5074
2005-01-05,8053.5890
2005-01-12,8069.1463
2005-01-19,8136.6835
2005-01-26,8091.9619
2005-02-02,8141.4783
2005-02-09,8118.7235
2005-02-16,8124.8804
2005-02-23,8233.7760
2005-03-02,8230.9002
2005-03-09,8224.1866
2005-03-16,8296.0635
2005-03-23,8313.7824
2005-03-30,8281.5273
2005-04-06,8273.1489
2005-04-13,8297.0260
2005-04-20,8322.7695
2005-04-27,8312.7925
2005-05-04,8314.9809
2005-05-11,8346.7982
2005-05-18,8365.3767
2005-05-25,8410.8759
2005-06-01,8454.0002
2005-06-08,8466.2317
2005-06-15,8394.5962
2005-06-22,8449.1327
2005-06-29,8418.8913
2005-07-06,8445.4941
2005-07-13,8454.9374
2005-07-20,8497.8507
2005-07-27,8488.7224
2005-08-03,8548.3329
2005-08-10,8532.4397
2005-08-17,8545.6082
2005-08-24,8601.7740
2005-08-31,8614.2215
2005-09-07,8594.3618
2005-09-14,8610.9623
2005-09-21,8634.3195
2005-09-28,8650.5461
2005-10-05,8613.6982
2005-10-12,8679.4885
2005-10-19,8681.9235
2005-10-26,8677.1527
2005-11-02,8675.9769
2005-11-09,8657.2614
2005-11-16,8685.8368
2005-11-23,8722.6071
2005-11-30,8691.1150
2005-12-07,8736.2068
2005-12-14,8741.4028
2005-12-21,8800.5977
2005-12-28,8806.6801
2006-01-04,8828.7224
2006-01-11,8797.2975
2006-01-18,8845.2425
2006-01-25,8866.8496
2006-02-01,8891.8808
2006-02-08,8870.7025
2006-02-15,8915.2632
2006-02-22,8920.0063
2006-03-01,8956.6325
2006-03-08,8933.4150
2006-03-15,8968.2884
2006-03-22,8983.7596
2006-03-29,9008.9049
2006-04-05,9035.9110
2006-04-12,9079.3424
2006-04-19,9097.4744
2006-04-26,9150.9149
2006-05-03,9168.0591
2006-05-10,9206.0783
2006-05-17,9214.1855
2006-05-24,9255.8746
2006-05-31,9268.3832
2006-06-07,9232.2157
2006-06-14,9261.2511
2006-06-21,9257.8315
2006-06-28,9244.4767
2006-07-05,9268.2096
2006-07-12,9278.9295
2006-07-19,9339.8098
2006-07-26,9318.0323
2006-08-02,9313.1286
2006-08-09,9303.3895
2006-08-16,9322.1444
2006-08-23,9378.8752
2006-08-30,9356.5587
2006-09-06,9356.1058
2006-09-13,9335.9607
2006-09-20,9332.7749
2006-09-27,9368.3503
2006-10-04,9579.7268
2006-10-11,9629.5635
2006-10-18,9541.9710
2006-10-25,9560.9731
2006-11-01,9611.4710
2006-11-08,9570.3065
2006-11-15,9594.5429
2006-11-22,9654.3254
2006-11-29,9681.5761
2006-12-06,9727.3233
2006-12-13,9702.7569
2006-12-20,9758.7134
2006-12-27,9804.5683
2007-01-03,9831.4390
2007-01-10,9793.0096
2007-01-17,9828.9461
2007-01-24,9834.3945
2007-01-31,9861.9760
2007-02-07,9818.8063
2007-02-14,9865.7004
2007-02-21,9896.0110
2007-02-28,9962.5192
2007-03-07,9908.2605
2007-03-14,9811.9825
2007-03-21,9793.5562
2007-03-28,9873.9081
2007-04-04,9911.2812
2007-04-11,9930.2106
2007-04-18,9937.5711
2007-04-25,9968.4175
2007-05-02,9958.9149
2007-05-09,9979.7401
2007-05-16,9969.0454
2007-05-23,10009.6665
2007-05-30,10038.5944
2007-06-06,10030.5152
2007-06-13,10039.8061
2007-06-20,10077.1465
2007-06-27,10094.2295
2007-07-04,10163.0297
2007-07-11,10147.5845
2007-07-18,10163.9479
2007-07-25,10205.1656
2007-08-01,10217.5309
2007-08-08,10219.7103
2007-08-15,10326.1998
2007-08-22,10368.3719
2007-08-29,10384.1774
2007-09-05,10414.1217
2007-09-12,10489.4093
2007-09-19,10431.6342
2007-09-26,10512.6535
2007-10-03,10485.5399
2007-10-10,10555.5256
2007-10-17,10560.4024
2007-10-24,10651.8488
2007-10-31,10677.5328
2007-11-07,10704.3319
2007-11-14,10725.4915
2007-11-21,10781.2570
2007-11-28,10761.2327
2007-12-05,10798.0520
2007-12-12,10753.0195
2007-12-19,10818.1498
2007-12-26,10849.2080
2008-01-02,10898.9451
2008-01-09,10889.8704
2008-01-16,10886.1998
2008-01-23,10991.7011
2008-01-30,10988.4534
2008-02-06,10966.8945
2008-02-13,10965.0098
2008-02-20,11005.0738
2008-02-27,11004.6202
2008-03-05,11033.8172
2008-03-12,11091.3961
2008-03-19,11160.2406
2008-03-26,11153.8723
2008-04-02,11068.6396
2008-04-09,11056.7548
2008-04-16,11018.4843
2008-04-23,11073.2358
2008-04-30,11076.1132
2008-05-07,11020.0068
2008-05-14,10989.6066
2008-05-21,11049.9147
2008-05-28,11021.8592
2008-06-04,11009.1168
2008-06-11,10981.4678
2008-06-18,11006.3903
2008-06-25,11015.4071
2008-07-02,11037.4072
2008-07-09,11031.6618
2008-07-16,11054.1292
2008-07-23,11017.9528
2008-07-30,11034.3861
2008-08-06,10991.2951
2008-08-13,11008.8202
2008-08-20,11023.5892
2008-08-27,11014.9527
2008-09-03,11016.2452
2008-09-10,11005.2765
2008-09-17,11266.5245
2008-09-24,11288.1734
2008-10-01,11738.4051
2008-10-08,11787.3287
2008-10-15,11905.6923
2008-10-22,12018.4285
2008-10-29,12061.4017
2008-11-05,12007.7698
2008-11-12,12092.7171
2008-11-19,12063.7840
2008-11-26,12092.2158
2008-12-03,12227.0931
2008-12-10,12354.2587
2008-12-17,12369.5827
2008-12-24,12361.8306
2008-12-31,12257.4684
2009-01-07,12279.1439
2009-01-14,12285.8317
2009-01-21,12276.0350
2009-01-28,12150.1744
2009-02-04,12051.1168
2009-02-11,12010.8900
2009-02-18,12054.4251
2009-02-25,12005.6321
2009-03-04,11985.4788
2009-03-11,12011.9027
2009-03-18,12054.4633
2009-03-25,12077.0685
2009-04-01,12067.8902
2009-04-08,12001.3885
2009-04-15,12043.1173
2009-04-22,12052.8851
2009-04-29,12073.2216
2009-05-06,12118.9095
2009-05-13,12103.6207
2009-05-20,12119.0395
2009-05-27,12036.1377
2009-06-03,12030.4782
2009-06-10,12037.4677
2009-06-17,11959.3087
2009-06-24,11944.2449
2009-07-01,11889.6344
2009-07-08,11909.8136
2009-07-15,11812.5160
2009-07-22,11798.0207
2009-07-29,11716.7167
2009-08-05,11678.3813
2009-08-12,11725.4240
2009-08-19,11760.9360
2009-08-26,11750.2348
2009-09-02,11714.5397
2009-09-09,11722.7984
2009-09-16,11706.2632
2009-09-23,11739.0314
2009-09-30,11583.5014
2009-10-07,11691.7384
2009-10-14,11744.3578
2009-10-21,11788.6481
2009-10-28,11745.7552
2009-11-04,11770.6846
2009-11-11,11714.0140
2009-11-18,11739.5351
2009-11-25,11765.4871
2009-12-02,11742.8557
2009-12-09,11746.2903
2009-12-16,11739.1767
2009-12-23,11725.3216
2009-12-30,11693.7036
2010-01-06,11660.9993
2010-01-13,11720.4883
2010-01-20,11666.6026
2010-01-27,11695.3613
2010-02-03,11675.3603
2010-02-10,11718.2696
2010-02-17,11709.4833
2010-02-24,11704.1454
2010-03-03,11670.2073
2010-03-10,11655.5086
2010-03-17,11578.5666
2010-03-24,11561.0041
2010-03-31,11811.3479
2010-04-07,11880.2290
2010-04-14,11837.9920
2010-04-21,11821.4087
2010-04-28,11829.9463
2010-05-05,11816.8872
2010-05-12,11824.1627
2010-05-19,11827.6338
2010-05-26,11775.9694
2010-06-02,11702.3301
2010-06-09,11765.5502
2010-06-16,11693.2152
2010-06-23,11769.6322
2010-06-30,11673.3500
2010-07-07,11750.9584
2010-07-14,11764.4395
2010-07-21,11811.2751
2010-07-28,11808.7405
2010-08-04,11836.9134
2010-08-11,11858.0642
2010-08-18,11833.9925
2010-08-25,11848.5632
2010-09-01,11813.8967
2010-09-08,11836.2049
2010-09-15,11754.3975
2010-09-22,11773.1496
2010-09-29,11778.3741
2010-10-06,11865.9793
2010-10-13,11896.1047
2010-10-20,11910.1792
2010-10-27,11872.9438
2010-11-03,11867.7453
2010-11-10,11836.7414
2010-11-17,11813.0108
2010-11-24,11832.4768
2010-12-01,11813.0819
2010-12-08,11868.2787
2010-12-15,11772.9613
2010-12-22,11807.7991
2010-12-29,11802.9791
2011-01-05,11804.7425
2011-01-12,11870.0424
2011-01-19,11847.9880
2011-01-26,11827.8090
2011-02-02,11805.0726
2011-02-09,11882.1457
2011-02-16,11855.7483
2011-02-23,11933.2860
2011-03-02,11929.9300
2011-03-09,12031.9621
2011-03-16,11972.0490
2011-03-23,12038.2658
2011-03-30,12131.1619
2011-04-06,12196.9921
2011-04-13,12209.2914
2011-04-20,12192.7910
2011-04-27,12183.0752
2011-05-04,12215.4888
2011-05-11,12236.1697
2011-05-18,12179.3391
2011-05-25,12237.8898
2011-06-01,12279.3100
2011-06-08,12338.1681
2011-06-15,12237.7530
2011-06-22,12335.9486
2011-06-29,12333.6533
2011-07-06,12299.4253
2011-07-13,12321.9266
2011-07-20,12303.9431
2011-07-27,12342.5168
2011-08-03,12365.8357
2011-08-10,12445.3342
2011-08-17,12438.5050
2011-08-24,12412.5366
2011-08-31,12396.2677
2011-09-07,12394.3354
2011-09-14,12454.9330
2011-09-21,12442.3755
2011-09-28,12488.4999
2011-10-05,12527.7052
2011-10-12,12471.0770
2011-10-19,12470.6655
2011-10-26,12486.0230
2011-11-02,12446.8132
2011-11-09,12500.1323
2011-11-16,12482.3897
2011-11-23,12441.6620
2011-11-30,12439.7347
2011-12-07,12477.5339
2011-12-14,12557.4191
2011-12-21,12503.4911
2011-12-28,12595.6357
2012-01-04,12622.7343
2012-01-11,12579.1561
2012-01-18,12530.8745
2012-01-25,12573.6325
2012-02-01,12686.2065
2012-02-08,12686.9174
2012-02-15,12736.0732
2012-02-22,12649.7974
2012-02-29,12695.1510
2012-03-07,12654.8279
2012-03-14,12619.6459
2012-03-21,12594.4978
2012-03-28,12626.3849
2012-04-04,12676.8073
2012-04-11,12692.9951
2012-04-18,12657.7218
2012-04-25,12691.4374
2012-05-02,12702.5211
2012-05-09,12715.9941
2012-05-16,12697.1571
2012-05-23,12713.4742
2012-05-30,12725.1501
2012-06-06,12757.5047
2012-06-13,12777.9090
2012-06-20,12700.6225
2012-06-27,12738.2783
2012-07-04,12764.1655
2012-07-11,12778.9133
2012-07-18,12781.1925
2012-07-25,12845.5985
2012-08-01,12822.4911
2012-08-08,12841.1790
2012-08-15,12827.5993
2012-08-22,12805.0438
2012-08-29,12838.3468
2012-09-05,12863.0301
2012-09-12,12834.4984
2012-09-19,12805.0312
2012-09-26,12844.6572
2012-10-03,12872.9956
2012-10-10,12836.5547
2012-10-17,12885.0400
2012-10-24,12800.5383
2012-10-31,12910.7441
2012-11-07,12941.8948
2012-11-14,12984.5898
2012-11-21,12966.3204
2012-11-28,13016.4783
2012-12-05,13029.0972
2012-12-12,13055.7195
2012-12-19,13093.8702
2012-12-26,13193.1896
2013-01-02,13234.8157
2013-01-09,13150.2167
2013-01-16,13174.1006
2013-01-23,13190.4419
2013-01-30,13278.6259
2013-02-06,13266.7222
2013-02-13,13266.2409
2013-02-20,13195.5159
2013-02-27,13275.2110
2013-03-06,13267.9122
2013-03-13,13313.0318
2013-03-20,13281.5434
2013-03-27,13363.5015
2013-04-03,13392.2385
2013-04-10,13367.2574
2013-04-17,13402.3567
2013-04-24,13332.8907
2013-05-01,13440.8123
2013-05-08,13415.1053
2013-05-15,13470.3055
2013-05-22,13479.9685
2013-05-29,13512.3906
2013-06-05,13525.4254
2013-06-12,13561.8359
2013-06-19,13495.6891
2013-06-26,13550.6762
2013-07-03,13552.1298
2013-07-10,13542.1798
2013-07-17,13610.1998
2013-07-24,13571.5828
2013-07-31,13582.8200
2013-08-07,13607.8059
2013-08-14,13639.2963
2013-08-21,13630.3603
2013-08-28,13697.4940
2013-09-04,13677.9777
2013-09-11,13702.1767
2013-09-18,13795.3266
2013-09-25,13803.6963
2013-10-02,13908.1106
2013-10-09,13819.9008
2013-10-16,13864.9122
2013-10-23,13903.8026
2013-10-30,13951.8346
2013-11-06,13895.1427
2013-11-13,13935.7367
2013-11-20,13934.9003
2013-11-27,14009.2046
2013-12-04,14035.3467
2013-12-11,14079.9258
2013-12-18,14096.7739
2013-12-25,14115.3144
2014-01-01,13941.5780
2014-01-08,14095.2823
2014-01-15,14117.0274
2014-01-22,14117.1789
2014-01-29,14173.3962
2014-02-05,14183.4354
2014-02-12,14213.1911
2014-02-19,14237.1334
2014-02-26,14230.7671
2014-03-05,14312.8502
2014-03-12,14324.3652
2014-03-19,14350.5095
2014-03-26,14346.2891
2014-04-02,14370.2854
2014-04-09,14395.9150
2014-04-16,14431.1810
2014-04-23,14437.1854
2014-04-30,14436.2900
2014-05-07,14462.7279
2014-05-14,14493.6855
2014-05-21,14526.7134
2014-05-28,14586.2785
2014-06-04,14595.2384
2014-06-11,14625.9257
2014-06-18,14653.2165
2014-06-25,14726.9248
2014-07-02,14740.4236
2014-07-09,14736.6376
2014-07-16,14756.4560
2014-07-23,14807.7945
2014-07-30,14815.7995
2014-08-06,14809.0652
2014-08-13,14780.2162
2014-08-20,14804.5516
2014-08-27,14805.3457
2014-09-03,14908.1751
2014-09-10,14863.3823
2014-09-17,14946.5966
2014-09-24,14970.5790
2014-10-01,14993.7494
2014-10-08,14934.8992
2014-10-15,15007.7376
2014-10-22,15022.1997
2014-10-29,15020.0967
2014-11-05,14987.2642
2014-11-12,15008.4360
2014-11-19,14984.0826
2014-11-26,15097.4369
2014-12-03,15089.8358
2014-12-10,15101.4747
2014-12-17,15123.8673
2014-12-24,15072.8722
2014-12-31,14929.9248
2015-01-07,15199.8645
2015-01-14,15206.9968
2015-01-21,15225.7803
2015-01-28,15212.9831
2015-02-04,15218.2479
2015-02-11,15189.6757
2015-02-18,15218.8908
2015-02-25,15268.2251
2015-03-04,15284.3305
2015-03-11,15335.3261
2015-03-18,15369.1418
2015-03-25,15375.3327
2015-04-01,15363.7851
2015-04-08,15394.0394
2015-04-15,15386.9344
2015-04-22,15384.9783
2015-04-29,15403.8803
2015-05-06,15392.7766
2015-05-13,15383.2307
2015-05-20,15351.4845
2015-05-27,15336.9692
2015-06-03,15333.0437
2015-06-10,15320.3233
2015-06-17,15364.7025
2015-06-24,15326.4346
2015-07-01,15306.3460
2015-07-08,15323.7208
2015-07-15,15390.2933
2015-07-22,15421.5697
2015-07-29,15371.6047
2015-08-05,15374.4234
2015-08-12,15359.7616
2015-08-19,15447.1186
2015-08-26,15500.5162
2015-09-02,15453.8804
2015-09-09,15451.4550
2015-09-16,15414.6463
2015-09-23,15513.8346
2015-09-30,15241.3908
2015-10-07,15575.6071
2015-10-14,15632.4057
2015-10-21,15647.7409
2015-10-28,15610.2551
2015-11-04,15646.1811
2015-11-11,15593.4118
2015-11-18,15570.9125
2015-11-25,15548.8709
2015-12-02,15597.3833
2015-12-09,15586.5755
2015-12-16,15583.3816
2015-12-23,15615.4801
2015-12-30,15499.0879
2016-01-06,15624.2612
2016-01-13,15632.4113
2016-01-20,15681.2403
2016-01-27,15633.8058
2016-02-03,15711.8563
2016-02-10,15714.1721
2016-02-17,15712.5173
2016-02-24,15706.6302
2016-03-02,15720.2928
2016-03-09,15759.9157
2016-03-16,15716.9595
2016-03-23,15737.6974
2016-03-30,15706.4381
2016-04-06,15803.2933
2016-04-13,15853.3245
2016-04-20,15853.9227
2016-04-27,15874.4399
2016-05-04,15926.3987
2016-05-11,15913.6657
2016-05-18,15901.8454
2016-05-25,15900.3117
2016-06-01,15926.2121
2016-06-08,15939.4775
2016-06-15,15958.5154
2016-06-22,15956.9912
2016-06-29,15941.2784
2016-07-06,16048.9193
2016-07-13,16021.5587
2016-07-20,16000.5484
2016-07-27,16032.6333
2016-08-03,16074.6596
2016-08-10,16055.7738
2016-08-17,16069.3678
2016-08-24,16038.8052
2016-08-31,16039.7928
2016-09-07,16090.6028
2016-09-14,16152.9316
2016-09-21,16044.7398
2016-09-28,16025.2575
2016-10-05,15991.7872
2016-10-12,16047.0796
2016-10-19,16035.2201
2016-10-26,16020.6620
2016-11-02,16044.5060
2016-11-09,16027.8604
2016-11-16,16037.5285
2016-11-23,16004.2743
2016-11-30,15989.9117
2016-12-07,16049.8996
2016-12-14,16074.5791
2016-12-21,15975.2314
2016-12-28,15993.7891
2017-01-04,16068.8576
2017-01-11,16016.0155
2017-01-18,16074.8475
2017-01-25,16054.6401
2017-02-01,16112.6289
2017-02-08,16120.5211
2017-02-15,16119.4910
2017-02-22,16138.4591
2017-03-01,16190.6276
2017-03-08,16184.2416
2017-03-15,16222.8438
2017-03-22,16189.4988
2017-03-29,16155.9366
2017-04-05,16218.7226
2017-04-12,16208.7836
2017-04-19,16243.1806
2017-04-26,16232.4837
2017-05-03,16220.4001
2017-05-10,16198.7769
2017-05-17,16266.1603
2017-05-24,16278.1452
2017-05-31,16225.7831
2017-06-07,16252.8566
2017-06-14,16214.2330
2017-06-21,16233.8757
2017-06-28,16216.0441
2017-07-05,16254.9529
2017-07-12,16305.2290
2017-07-19,16349.5706
2017-07-26,16415.1770
2017-08-02,16423.4747
2017-08-09,16424.5116
2017-08-16,16483.4040
2017-08-23,16467.7376
2017-08-30,16502.2134
2017-09-06,16504.2524
2017-09-13,16530.5648
2017-09-20,16527.1613
2017-09-27,16526.6330
2017-10-04,16573.2756
2017-10-11,16547.2058
2017-10-18,16616.4562
2017-10-25,16608.0053
2017-11-01,16643.6635
2017-11-08,16655.8006
2017-11-15,16673.3290
2017-11-22,16677.7001
2017-11-29,16689.3171
2017-12-06,16749.3047
2017-12-13,16743.8882
2017-12-20,16729.7096
2017-12-27,16761.9882
2018-01-03,16764.4795
2018-01-10,16703.2270
2018-01-17,16739.5910
2018-01-24,16733.2179
2018-01-31,16698.4860
2018-02-07,16670.4140
2018-02-14,16719.0639
2018-02-21,16666.4794
2018-02-28,16680.3178
2018-03-07,16649.0623
2018-03-14,16640.7848
2018-03-21,16593.3533
2018-03-28,16601.6475
2018-04-04,16606.5869
2018-04-11,16599.8979
2018-04-18,16652.4907
2018-04-25,16657.3391
2018-05-02,16694.2849
2018-05-09,16728.4356
2018-05-16,16700.6961
2018-05-23,16747.7994
2018-05-30,16750.8856
2018-06-06,16722.2878
2018-06-13,16736.8530
2018-06-20,16734.8093
2018-06-27,16773.3117
2018-07-04,16792.4128
2018-07-11,16758.4089
2018-07-18,16775.9773
2018-07-25,16774.1848
2018-08-01,16741.7563
2018-08-08,16713.4371
2018-08-15,16747.3227
2018-08-22,16748.9872
2018-08-29,16716.6571
2018-09-05,16730.3152
2018-09-12,16733.1422
2018-09-19,16735.9306
2018-09-26,16782.0508
2018-10-03,16847.6902
2018-10-10,16825.2504
2018-10-17,16806.8464
2018-10-24,16853.3729
2018-10-31,16840.2026
2018-11-07,16808.4697
2018-11-14,16851.0206
2018-11-21,16825.8391
2018-11-28,16847.5304
2018-12-05,16907.5568
2018-12-12,16914.9033
2018-12-19,16912.8214
2018-12-26,17034.5340
2019-01-02,17062.1010
2019-01-09,17004.8828
2019-01-16,16965.9449
2019-01-23,16976.5658
2019-01-30,17020.5121
2019-02-06,17043.4419
2019-02-13,17070.1262
2019-02-20,17033.6248
2019-02-27,17074.8876
2019-03-06,17085.6645
2019-03-13,17095.6635
2019-03-20,17125.6722
2019-03-27,17164.6748
2019-04-03,17156.4399
2019-04-10,17112.8409
2019-04-17,17091.5601
2019-04-24,17120.4400
2019-05-01,17134.3012
2019-05-08,17183.8949
2019-05-15,17254.7535
2019-05-22,17169.6153
2019-05-29,17178.7340
2019-06-05,17255.3514
2019-06-12,17303.4668
2019-06-19,17287.6727
2019-06-26,17327.4701
2019-07-03,17363.4461
2019-07-10,17335.5422
2019-07-17,17354.1519
2019-07-24,17366.3393
2019-07-31,17369.6189
2019-08-07,17503.4906
2019-08-14,17470.5086
2019-08-21,17449.3815
2019-08-28,17473.2469
2019-09-04,17491.8347
2019-09-11,17472.9339
2019-09-18,17451.4927
2019-09-25,17525.5444
2019-10-02,17604.8184
2019-10-09,17598.3396
2019-10-16,17605.9842
2019-10-23,17589.0223
2019-10-30,17565.0021
2019-11-06,17634.6494
2019-11-13,17653.5966
2019-11-20,17620.8979
2019-11-27,17670.3274
2019-12-04,17703.8568
2019-12-11,17781.9697
2019-12-18,17770.9625
2019-12-25,17761.1446
2020-01-01,17708.9468
2020-01-08,17790.5645
2020-01-15,17818.1341
2020-01-22,17780.0766
2020-01-29,17837.2136
2020-02-05,17857.7674
2020-02-12,17828.5682
2020-02-19,17933.6498
2020-02-26,17920.7113
2020-03-04,18162.6693
2020-03-11,18282.0919
2020-03-18,18706.9880
2020-03-25,19344.2667
2020-04-01,19616.2738
2020-04-08,19566.3982
2020-04-15,19942.6316
2020-04-22,20161.6985
2020-04-29,20318.8419
2020-05-06,20311.2461
2020-05-13,20294.8479
2020-05-20,20283.6796
2020-05-27,20207.0656
2020-06-03,20135.7504
2020-06-10,20133.4549
2020-06-17,20122.0659
2020-06-24,20076.6667
2020-07-01,20083.9609
2020-07-08,20053.5438
2020-07-15,20042.5903
2020-07-22,19946.0693
2020-07-29,19958.4657
2020-08-05,19987.5051
2020-08-12,20004.6715
2020-08-19,20024.3906
2020-08-26,20027.4709
2020-09-02,20053.2800
2020-09-09,20106.6465
2020-09-16,20201.4978
2020-09-23,20200.7808
2020-09-30,20077.8627
2020-10-07,20154.1258
2020-10-14,20203.8149
2020-10-21,20219.8433
2020-10-28,20228.4131
2020-11-04,20262.3169
2020-11-11,20227.3438
2020-11-18,20258.9644
2020-11-25,20364.1840
2020-12-02,20315.3811
2020-12-09,20334.4047
2020-12-16,20406.5315
2020-12-23,20457.6569
2020-12-30,20537.6020
2021-01-06,20520.1998
2021-01-13,20490.4172
2021-01-20,20517.3799
2021-01-27,20569.0583
2021-02-03,20599.3027
2021-02-10,20684.2170
2021-02-17,20766.2497
2021-02-24,20743.1307
2021-03-03,20795.5344
2021-03-10,20849.4721
2021-03-17,20996.0436
2021-03-24,21033.9281
2021-03-31,20980.4125
2021-04-07,21169.8717
2021-04-14,21258.6991
2021-04-21,21314.4594
2021-04-28,21448.7627
2021-05-05,21489.6655
2021-05-12,21505.5935
2021-05-19,21429.9653
2021-05-26,21430.9950
2021-06-02,21421.9509
2021-06-09,21485.6621
2021-06-16,21456.1633
2021-06-23,21466.6734
2021-06-30,21283.7682
2021-07-07,21520.9771
2021-07-14,21646.8510
2021-07-21,21730.3826
2021-07-28,21749.4843
2021-08-04,21820.3554
2021-08-11,21810.6136
2021-08-18,21943.4272
2021-08-25,21959.6202
2021-09-01,22062.7508
2021-09-08,22062.0243
2021-09-15,22175.0490
2021-09-22,22175.3138
2021-09-29,22204.9666
2021-10-06,22288.8467
2021-10-13,22326.7556
2021-10-20,22361.4365
2021-10-27,22375.1303
2021-11-03,22465.2336
2021-11-10,22474.6207
2021-11-17,22505.9252
2021-11-24,22520.7461
2021-12-01,22641.3215
2021-12-08,22591.7039
2021-12-15,22562.9964
2021-12-22,22616.3721
2021-12-29,22624.0791
2022-01-05,22717.5843
2022-01-12,22547.0153
2022-01-19,22577.2807
2022-01-26,22599.6052
2022-02-02,22573.2978
2022-02-09,22569.5056
2022-02-16,22544.0145
2022-02-23,22529.4588
2022-03-02,22690.8185
2022-03-09,22715.9348
2022-03-16,22620.8738
2022-03-23,22597.8822
2022-03-30,22649.2004
2022-04-06,22706.7431
2022-04-13,22773.7173
2022-04-20,22564.7259
2022-04-27,22616.4881
2022-05-04,22632.9805
2022-05-11,22623.5860
2022-05-18,22627.4452
2022-05-25,22666.6263
2022-06-01,22673.8057
2022-06-08,22574.9377
2022-06-15,22543.4007
2022-06-22,22615.2332
2022-06-29,22654.5395
2022-07-06,22809.0212
2022-07-13,22848.5775
2022-07-20,22831.0172
2022-07-27,22869.7466
2022-08-03,22938.6358
2022-08-10,22954.4724
2022-08-17,22932.0772
2022-08-24,22959.3054
2022-08-31,22893.1492
2022-09-07,22874.8857
2022-09-14,22864.9620
2022-09-21,22820.1735
2022-09-28,22857.6109
2022-10-05,22801.1727
2022-10-12,22770.1250
2022-10-19,22776.7930
2022-10-26,22841.0416
2022-11-02,22792.1369
2022-11-09,22804.9667
2022-11-16,22910.3919
2022-11-23,22972.9833
2022-11-30,22857.4173
2022-12-07,22934.8995
2022-12-14,22957.9647
2022-12-21,22920.8210
2022-12-28,22895.8700
2023-01-04,22989.2251
2023-01-11,22925.1437
2023-01-18,23061.1056
2023-01-25,22969.3520
2023-02-01,23084.2217
2023-02-08,23011.6646
2023-02-15,23049.4699
2023-02-22,22990.7905
2023-03-01,22921.8201
2023-03-08,22857.0927
2023-03-15,23196.4030
2023-03-22,23059.7113
2023-03-29,23041.3109
2023-04-05,22952.2635
2023-04-12,22859.3574
2023-04-19,22932.9491
2023-04-26,22925.0999
2023-05-03,22930.7577
2023-05-10,22927.2683
2023-05-17,22936.7460
2023-05-24,22934.5898
2023-05-31,22921.3972
2023-06-07,22803.3437
2023-06-14,22831.3681
2023-06-21,22823.1398
2023-06-28,22844.8738
2023-07-05,22861.8021
2023-07-12,22779.5093
2023-07-19,22870.7227
2023-07-26,22802.7389
2023-08-02,22824.1488
2023-08-09,22764.8812
2023-08-16,22812.9439
2023-08-23,22785.7661
2023-08-30,22848.7065
2023-09-06,22894.9711
2023-09-13,22911.0932
2023-09-20,22889.4575
2023-09-27,22954.5589
2023-10-04,23004.1438
2023-10-11,23010.6257
2023-10-18,22976.2651
2023-10-25,22982.2408
2023-11-01,23058.9516
2023-11-08,23013.0881
2023-11-15,23078.1207
2023-11-22,23046.2601
2023-11-29,23111.1363
2023-12-06,23139.7119
2023-12-13,23166.9970
2023-12-20,23198.2598
2023-12-27,23317.7729
2024-01-03,23312.9550
2024-01-10,23195.2646
2024-01-17,23314.3835
2024-01-24,23321.7734
2024-01-31,23316.8046
2024-02-07,23378.4479
2024-02-14,23389.0858
2024-02-21,23349.1516
2024-02-28,23364.7089
2024-03-06,23358.3987
2024-03-13,23308.8511
2024-03-20,23267.9590
2024-03-27,23283.3020
2024-04-03,23255.9396
2024-04-10,23274.6388
2024-04-17,23213.8472
2024-04-24,23226.8143
2024-05-01,23249.4121
2024-05-08,23253.6489
2024-05-15,23339.8476
2024-05-22,23303.9517
2024-05-29,23296.1718
2024-06-05,23305.3416
2024-06-12,23275.1837
2024-06-19,23314.7882
2024-06-26,23336.0145
2024-07-03,23406.1971
2024-07-10,23363.7550
2024-07-17,23386.2889
2024-07-24,23374.6854
2024-07-31,23391.9614
2024-08-07,23405.4208
2024-08-14,23432.3147
2024-08-21,23450.8562
2024-08-28,23420.2654
2024-09-04,23399.4028
2024-09-11,23462.6314
2024-09-18,23504.2709
2024-09-25,23492.2833
2024-10-02,23466.0513
2024-10-09,23465.7107
2024-10-16,23583.2469
2024-10-23,23647.1749
2024-10-30,23661.9160
2024-11-06,23624.6275
2024-11-13,23607.6359
2024-11-20,23544.2496
2024-11-27,23591.6174
2024-12-04,23572.7668
2024-12-11,23619.6697
2024-12-18,23633.9798
2024-12-25,23632.1233
2025-01-01,23436.3528
2025-01-08,23752.5915
2025-01-15,23728.4581
2025-01-22,23803.4413
2025-01-29,23743.2254
2025-02-05,23744.1680
2025-02-12,23732.3107
2025-02-19,23808.9545
2025-02-26,23900.9083
2025-03-05,23923.6359
2025-03-12,23898.1794
2025-03-19,23937.7678
2025-03-26,23971.7366
2025-04-02,23992.9827
2025-04-09,24064.9800
2025-04-16,24124.6233
2025-04-23,24166.5713
2025-04-30,24024.7106
2025-05-07,24080.4695
2025-05-14,24145.5577
2025-05-21,24159.4520
2025-05-28,24159.6212
2025-06-04,24208.0119
2025-06-11,24282.2264
2025-06-18,24278.9753
2025-06-25,24417.9139
2025-07-02,24358.5778
2025-07-09,24408.5032
2025-07-16,24472.3735
2025-07-23,24533.2537
2025-07-30,24528.7919
2025-08-06,24468.6494
2025-08-13,24497.1348
2025-08-20,24456.8497
2025-08-27,24519.1929
2025-09-03,24468.2545
2025-09-10,24456.5985
2025-09-17,24442.3035
2025-09-24,24504.8637
2025-10-01,24523.7242
2025-10-08,24523.0439
2025-10-15,24529.2590
2025-10-22,24518.0307
2025-10-29,24437.5320
2025-11-05,24423.3205
2025-11-12,24466.5798
2025-11-19,24495.8357
2025-11-26,24547.1552
2025-12-03,24508.1687
2025-12-10,24568.0514
2025-12-17,24588.8666
2025-12-24,24675.1559
2025-12-31,24683.0622
2026-01-07,24690.4336
2026-01-14,24753.1302
2026-01-21,24763.7691
2026-01-28,24835.8190
2026-02-04,24855.6274
2026-02-11,24904.5957
2026-02-18,24993.0253
2026-02-25,24978.8763
2026-03-04,24986.9236
2026-03-11,25046.4291
2026-03-18,25040.5838
2026-03-25,25128.7904
2026-04-01,25200.7933
2026-04-08,25218.0092
2026-04-15,25239.6714
2026-04-22,25249.5489
2026-04-29,25396.4117
2026-05-06,25446.5039
2026-05-13,25443.7545
2026-05-20,25498.4522
2026-05-27,25498.9667
2026-06-03,25440.3168
2026-06-10,25483.0442
2026-06-17,25434.0158
2026-06-24,25568.9714
2026-07-01,25628.3558
2026-07-08,25631.0258
2026-07-15,25713.6221
2026-07-22,25685.0271
2026-07-29,25604.2238
2026-08-05,25648.7414
2026-08-12,25593.9239
2026-08-19,25648.6542
2026-08-26,25629.4946
